source	target	bytes	sha256	gitBlobOid
/Users/zacheryspector/studio-scratch/1370-c0-h-bridge-addendum-filled-launch-20261008-r1/BINDING.json	docs/engineering/playability-launch-review/evidence/p14b4-20260919/1370-stage/thirty-ninth-verification/1370-c0-h-bridge-addendum-filled-launch-20261008-r1/BINDING.json	915	c094d228e2b9ae88394cdaa632aeaa526045e57ff5e35f22ac150e1fadf14102	eb93940f373dad1456bb6d656ec02053f0190771
/Users/zacheryspector/studio-scratch/1370-c0-h-bridge-addendum-filled-launch-20261008-r1/INVENTORY.json	docs/engineering/playability-launch-review/evidence/p14b4-20260919/1370-stage/thirty-ninth-verification/1370-c0-h-bridge-addendum-filled-launch-20261008-r1/INVENTORY.json	652	e3a93bf4c86d043efa79f8db4bee3c5be9aab0654e64ed9302a9c8fd5ebbd08b	157da43c3ebb13b287b7df93b22fe8bdd2a5b316
/Users/zacheryspector/studio-scratch/1370-c0-h-bridge-addendum-filled-launch-20261008-r1/LAUNCH.command	docs/engineering/playability-launch-review/evidence/p14b4-20260919/1370-stage/thirty-ninth-verification/1370-c0-h-bridge-addendum-filled-launch-20261008-r1/LAUNCH.command	3382	d610e378c68f908026e85ca2e8ca95617e95e5e3880e595bdf8fdeb5fdcc676f	6c2b065b6ca5972d2de0054d9c2a81e9507788ba
/Users/zacheryspector/studio-scratch/1370-c0-h-bridge-addendum-filled-launch-20261008-r1/PLAN.md	docs/engineering/playability-launch-review/evidence/p14b4-20260919/1370-stage/thirty-ninth-verification/1370-c0-h-bridge-addendum-filled-launch-20261008-r1/PLAN.md	1158	25892005aa3b02a632a6193fccf56ecb7864004cd21cfece4971dce3f2103ce9	172e65379de78ae57dee90c70dd320a80e79c848
/Users/zacheryspector/studio-scratch/1370-c0-h-bridge-addendum-filled-launch-20261008-r2/BINDING.json	docs/engineering/playability-launch-review/evidence/p14b4-20260919/1370-stage/thirty-ninth-verification/1370-c0-h-bridge-addendum-filled-launch-20261008-r2/BINDING.json	1037	bea2eec30e763c47265c5171ee165506a9f4f08c841532584d029b8dc128b038	4b5eec34695775774b891b34773a66639cecef59
/Users/zacheryspector/studio-scratch/1370-c0-h-bridge-addendum-filled-launch-20261008-r2/INVENTORY.json	docs/engineering/playability-launch-review/evidence/p14b4-20260919/1370-stage/thirty-ninth-verification/1370-c0-h-bridge-addendum-filled-launch-20261008-r2/INVENTORY.json	655	d713060241012b4b0388ae97991ce50115adefbc8b3d7ef89b6619a6dc63741a	f4dea960ac348a6e9426fc5fdb63dafff2765035
/Users/zacheryspector/studio-scratch/1370-c0-h-bridge-addendum-filled-launch-20261008-r2/LAUNCH.command	docs/engineering/playability-launch-review/evidence/p14b4-20260919/1370-stage/thirty-ninth-verification/1370-c0-h-bridge-addendum-filled-launch-20261008-r2/LAUNCH.command	3248	de12bdafa24f1b35ec4c219f2f79041f292671ae036eb0cb1709daf728ce571e	a1105690c42370275d6119ad846da30e12cf5762
/Users/zacheryspector/studio-scratch/1370-c0-h-bridge-addendum-filled-launch-20261008-r2/PLAN.md	docs/engineering/playability-launch-review/evidence/p14b4-20260919/1370-stage/thirty-ninth-verification/1370-c0-h-bridge-addendum-filled-launch-20261008-r2/PLAN.md	1250	00e965d4102630276770326d9246f65785c7c0652d3eed45ebc7f45a0483b2b3	1be847fccb6ecbce7b94c044085958dd57283eca
/Users/zacheryspector/studio-scratch/1370-c0-h-bridge-addendum-filled-launch-20261008-r3/BINDING.json	docs/engineering/playability-launch-review/evidence/p14b4-20260919/1370-stage/thirty-ninth-verification/1370-c0-h-bridge-addendum-filled-launch-20261008-r3/BINDING.json	1026	177f5e6624b566ae1b699cc1f771cec89cc3ca3b4b2737ef382028cf2c7404c9	3a84e508361ba098e5ed74b651e8aa2217c7806b
/Users/zacheryspector/studio-scratch/1370-c0-h-bridge-addendum-filled-launch-20261008-r3/INVENTORY.json	docs/engineering/playability-launch-review/evidence/p14b4-20260919/1370-stage/thirty-ninth-verification/1370-c0-h-bridge-addendum-filled-launch-20261008-r3/INVENTORY.json	655	d689351975834ed129ef3b8f7980d924d37c00fe130dac1b0a3b3447c16fb46e	997e6c0f7208dccdcfb57a911d73b337042eb65e
/Users/zacheryspector/studio-scratch/1370-c0-h-bridge-addendum-filled-launch-20261008-r3/LAUNCH.command	docs/engineering/playability-launch-review/evidence/p14b4-20260919/1370-stage/thirty-ninth-verification/1370-c0-h-bridge-addendum-filled-launch-20261008-r3/LAUNCH.command	3341	535c097767877be87597e087a800496d90f34c77bf5ff8a6ab829e92dee6685a	19ad45f41a64d396030ba29d4e81b52fada0c342
/Users/zacheryspector/studio-scratch/1370-c0-h-bridge-addendum-filled-launch-20261008-r3/PLAN.md	docs/engineering/playability-launch-review/evidence/p14b4-20260919/1370-stage/thirty-ninth-verification/1370-c0-h-bridge-addendum-filled-launch-20261008-r3/PLAN.md	1100	15d8f9e11388b4bbf7a13170585af0dda65ab3cc1a9cb9850287f87d222a78c9	d8b67a55cdb8db392618409d4ef41a3ebc8f3a83
/Users/zacheryspector/studio-scratch/1370-c0-h-bridge-addendum-filled-launch-independent-exact-review-r1/RECEIPT.json	docs/engineering/playability-launch-review/evidence/p14b4-20260919/1370-stage/thirty-ninth-verification/1370-c0-h-bridge-addendum-filled-launch-independent-exact-review-r1/RECEIPT.json	1709	0d58042200f25b88ccdaa0a28355076ef16ce902b0ab26e1c8238a3142e2631b	d1bc9ca1ddb825910baed7a43d38bc029948cb1e
/Users/zacheryspector/studio-scratch/1370-c0-h-bridge-addendum-filled-launch-independent-exact-review-r1/REVIEW.md	docs/engineering/playability-launch-review/evidence/p14b4-20260919/1370-stage/thirty-ninth-verification/1370-c0-h-bridge-addendum-filled-launch-independent-exact-review-r1/REVIEW.md	995	f0995c9de54b475f79f6a3e6df22cefa996e245898528b93f9ee041472f2859a	6ee8404051c06d262f96f0c1a4267ec8fb442b24
/Users/zacheryspector/studio-scratch/1370-c0-h-bridge-addendum-filled-launch-independent-exact-review-r2/RECEIPT.json	docs/engineering/playability-launch-review/evidence/p14b4-20260919/1370-stage/thirty-ninth-verification/1370-c0-h-bridge-addendum-filled-launch-independent-exact-review-r2/RECEIPT.json	1777	dbf7f90134b68d8b4a3e28555da5ba2c2c03318502c62d4461875e06e085ec2c	6f5baae47ac9407ef5465e244db78fe7c84da06a
/Users/zacheryspector/studio-scratch/1370-c0-h-bridge-addendum-filled-launch-independent-exact-review-r2/REVIEW.md	docs/engineering/playability-launch-review/evidence/p14b4-20260919/1370-stage/thirty-ninth-verification/1370-c0-h-bridge-addendum-filled-launch-independent-exact-review-r2/REVIEW.md	898	1ab3f24497300ae9e4edb7ecf92dbfb876953a25529acaba4ccf5d22de572b49	e90901bd3b53294d870dbccdfc6aae23f0b84628
/Users/zacheryspector/studio-scratch/1370-c0-h-bridge-addendum-filled-launch-independent-exact-review-r3/RECEIPT.json	docs/engineering/playability-launch-review/evidence/p14b4-20260919/1370-stage/thirty-ninth-verification/1370-c0-h-bridge-addendum-filled-launch-independent-exact-review-r3/RECEIPT.json	1631	f6172a8b413396ac851714a489f0904aa667df90d9dd006c0df3e772f161958e	7ff263a2cea324b73db89492d4a818ed7da0de6b
/Users/zacheryspector/studio-scratch/1370-c0-h-bridge-addendum-filled-launch-independent-exact-review-r3/REVIEW.md	docs/engineering/playability-launch-review/evidence/p14b4-20260919/1370-stage/thirty-ninth-verification/1370-c0-h-bridge-addendum-filled-launch-independent-exact-review-r3/REVIEW.md	759	52fd474b4d086fed1f7e08629753b49902cbf6f6c09aa05c8c23d56841e23961	714b5f1b15e198027f6d946ef6cb1a6346bb0f04
/Users/zacheryspector/studio-scratch/1370-c0-h-bridge-addendum-filled-launch-independent-exact-review-r4/RECEIPT.json	docs/engineering/playability-launch-review/evidence/p14b4-20260919/1370-stage/thirty-ninth-verification/1370-c0-h-bridge-addendum-filled-launch-independent-exact-review-r4/RECEIPT.json	2213	4fb1bc329324b19d2287130aa9cad161b48198924c9516915ccd1e3bbd293980	519447dee613c4bc1197d2122345197e1d50357b
/Users/zacheryspector/studio-scratch/1370-c0-h-bridge-addendum-filled-launch-independent-exact-review-r4/REVIEW.md	docs/engineering/playability-launch-review/evidence/p14b4-20260919/1370-stage/thirty-ninth-verification/1370-c0-h-bridge-addendum-filled-launch-independent-exact-review-r4/REVIEW.md	1253	98b156ab8d0476b70fc9aa5c4c627282c5f0403df31798906be2d49aeab7ffa5	c9143a70511340215d20da8b380fcc3206c928f8
/Users/zacheryspector/studio-scratch/1370-c0-h-bridge-addendum-independent-observed-source-review-r1/RECEIPT.json	docs/engineering/playability-launch-review/evidence/p14b4-20260919/1370-stage/thirty-ninth-verification/1370-c0-h-bridge-addendum-independent-observed-source-review-r1/RECEIPT.json	2192	f2baf6d6f44b3582f3a70384c1c3acae2a328de254101dad076d428c9ea57a9d	5b76ac5f153590272d1d061fe5e3eabb7acf0270
/Users/zacheryspector/studio-scratch/1370-c0-h-bridge-addendum-independent-observed-source-review-r1/REPORT.md	docs/engineering/playability-launch-review/evidence/p14b4-20260919/1370-stage/thirty-ninth-verification/1370-c0-h-bridge-addendum-independent-observed-source-review-r1/REPORT.md	1258	c9d4b956b86774cc3cdc57621986fcbedd2fee300c103c6d82547d51ea343d4d	e4c7cb5710d1a138189a24b602a17d3b90365560
/Users/zacheryspector/studio-scratch/1370-c0-h-bridge-addendum-independent-static-review-r1/RECEIPT.json	docs/engineering/playability-launch-review/evidence/p14b4-20260919/1370-stage/thirty-ninth-verification/1370-c0-h-bridge-addendum-independent-static-review-r1/RECEIPT.json	2948	420b188c90882fb45fa1b725163c12c9bf708d0c5baafacb7b81f4a2ed03875f	61526fbfff4f768354e566023c847ce94459bc62
/Users/zacheryspector/studio-scratch/1370-c0-h-bridge-addendum-independent-static-review-r1/REVIEW.md	docs/engineering/playability-launch-review/evidence/p14b4-20260919/1370-stage/thirty-ninth-verification/1370-c0-h-bridge-addendum-independent-static-review-r1/REVIEW.md	1033	2c8ab1d8b95f78152aaf7996820cd3af19890270fa9b39f2727344a76757cc46	3303b287e69c25411ddeb2df3d5dd7e7bfab831c
/Users/zacheryspector/studio-scratch/1370-c0-h-bridge-addendum-independent-static-review-r2/RECEIPT.json	docs/engineering/playability-launch-review/evidence/p14b4-20260919/1370-stage/thirty-ninth-verification/1370-c0-h-bridge-addendum-independent-static-review-r2/RECEIPT.json	2313	77179362eef9a0473b44e63dcc97daf0c9140b983a5ff90a0699896cbf8b2942	8b7c5ba4d9761c0652a797e9a17dd841fb439b49
/Users/zacheryspector/studio-scratch/1370-c0-h-bridge-addendum-independent-static-review-r2/REVIEW.md	docs/engineering/playability-launch-review/evidence/p14b4-20260919/1370-stage/thirty-ninth-verification/1370-c0-h-bridge-addendum-independent-static-review-r2/REVIEW.md	878	fe60107a2e776086b51c2474aee5251db6ba5791c17a7ecea89923b832098438	ecdce8920b06481c39854167f29c96fecef81d6b
/Users/zacheryspector/studio-scratch/1370-c0-h-bridge-addendum-independent-static-review-r3/RECEIPT.json	docs/engineering/playability-launch-review/evidence/p14b4-20260919/1370-stage/thirty-ninth-verification/1370-c0-h-bridge-addendum-independent-static-review-r3/RECEIPT.json	2155	2d68b3686fea754398a76265b632a1c37bf58444169b9201f56982cfdc187eb6	a1385a9c6f9bede4a3dd6eb7cd4d786a77decf9c
/Users/zacheryspector/studio-scratch/1370-c0-h-bridge-addendum-independent-static-review-r3/REVIEW.md	docs/engineering/playability-launch-review/evidence/p14b4-20260919/1370-stage/thirty-ninth-verification/1370-c0-h-bridge-addendum-independent-static-review-r3/REVIEW.md	1307	9a50084151b5373451c91862c7826eaab9b6036cb0cf8bb2be80a91f4e8d5062	58e610d6b0b82b103b2a1918a4049b21dd27d820
/Users/zacheryspector/studio-scratch/1370-c0-h-bridge-addendum-launch-template-r1/BINDING.template.json	docs/engineering/playability-launch-review/evidence/p14b4-20260919/1370-stage/thirty-ninth-verification/1370-c0-h-bridge-addendum-launch-template-r1/BINDING.template.json	852	7fe2c0eb3761484091b4ff7401c4faec4e2fb1ec307be4cf7659e813f4306e7f	2fb7b7db45a8f166b4e77876094cca69a6c185cd
/Users/zacheryspector/studio-scratch/1370-c0-h-bridge-addendum-launch-template-r1/INVENTORY.json	docs/engineering/playability-launch-review/evidence/p14b4-20260919/1370-stage/thirty-ninth-verification/1370-c0-h-bridge-addendum-launch-template-r1/INVENTORY.json	575	68bad1a377695da61965ac7b0bf26fd1ecdab35b57e44141895272657f654258	958bcbee0384f015da6635c4470d14d93065fcc6
/Users/zacheryspector/studio-scratch/1370-c0-h-bridge-addendum-launch-template-r1/LAUNCH.template.command	docs/engineering/playability-launch-review/evidence/p14b4-20260919/1370-stage/thirty-ninth-verification/1370-c0-h-bridge-addendum-launch-template-r1/LAUNCH.template.command	3314	3c80a61efc4d38423506800989e807b0c3aeffdfef6d2ae31c2d1c59c0d06aa4	a9c91ae65da3f07478556a4961b5fce59f43d762
/Users/zacheryspector/studio-scratch/1370-c0-h-bridge-addendum-launch-template-r1/PLAN.md	docs/engineering/playability-launch-review/evidence/p14b4-20260919/1370-stage/thirty-ninth-verification/1370-c0-h-bridge-addendum-launch-template-r1/PLAN.md	1366	8069579ca925d1ffc8e845df54190f75c5392ba8ee039170794952f1dc866321	30c77d4eafd987b3b6b38e4e9503caeec0458a5c
/Users/zacheryspector/studio-scratch/1370-c0-h-bridge-addendum-proposal-r1/BRIDGE-INPUTS.json	docs/engineering/playability-launch-review/evidence/p14b4-20260919/1370-stage/thirty-ninth-verification/1370-c0-h-bridge-addendum-proposal-r1/BRIDGE-INPUTS.json	26930	2598b0c372eed48d9be04192eb7e33aa52e398a9323d4e2155c176e4cce5efaa	92091fdf7cf356f916e5fc6bc3bd2d513eeb79f7
/Users/zacheryspector/studio-scratch/1370-c0-h-bridge-addendum-proposal-r1/INVENTORY.json	docs/engineering/playability-launch-review/evidence/p14b4-20260919/1370-stage/thirty-ninth-verification/1370-c0-h-bridge-addendum-proposal-r1/INVENTORY.json	799	71271fef35ff966271c9b0907688c0ff44bf11b9b31cebb7cbc70d257f6b2cc6	c7eba957922542d4d75d9159b6e4b33414b6a254
/Users/zacheryspector/studio-scratch/1370-c0-h-bridge-addendum-proposal-r1/PLAN.md	docs/engineering/playability-launch-review/evidence/p14b4-20260919/1370-stage/thirty-ninth-verification/1370-c0-h-bridge-addendum-proposal-r1/PLAN.md	5550	28f9acde8e6fcdb92de73a9b6c5ab161dfc116361e0fa20a5759f462be6a3796	1c4b6c2229934656e1aad16395e5cd4de53b118b
/Users/zacheryspector/studio-scratch/1370-c0-h-bridge-addendum-proposal-r1/add_bridge.py	docs/engineering/playability-launch-review/evidence/p14b4-20260919/1370-stage/thirty-ninth-verification/1370-c0-h-bridge-addendum-proposal-r1/add_bridge.py	10531	15b0dbacff4c77212ca545e89144300fff2564d3d5608eed5de3b1848f9862a6	7ae5377e407b3a30ee9a4eb5c2ec41e93466dba7
/Users/zacheryspector/studio-scratch/1370-c0-h-bridge-addendum-proposal-r1/selfcheck.py	docs/engineering/playability-launch-review/evidence/p14b4-20260919/1370-stage/thirty-ninth-verification/1370-c0-h-bridge-addendum-proposal-r1/selfcheck.py	2232	98232262a836a7b2c03a38beeaf54bfc438faa74b282bf797b5174c9c9807617	8253e2587fc5d295d07976e6028b2db425a9e360
/Users/zacheryspector/studio-scratch/1370-c0-h-bridge-addendum-proposal-r2/BRIDGE-INPUTS.json	docs/engineering/playability-launch-review/evidence/p14b4-20260919/1370-stage/thirty-ninth-verification/1370-c0-h-bridge-addendum-proposal-r2/BRIDGE-INPUTS.json	26930	2598b0c372eed48d9be04192eb7e33aa52e398a9323d4e2155c176e4cce5efaa	92091fdf7cf356f916e5fc6bc3bd2d513eeb79f7
/Users/zacheryspector/studio-scratch/1370-c0-h-bridge-addendum-proposal-r2/INVENTORY.json	docs/engineering/playability-launch-review/evidence/p14b4-20260919/1370-stage/thirty-ninth-verification/1370-c0-h-bridge-addendum-proposal-r2/INVENTORY.json	922	2a6150bc4fd5f0c96a40538296f6833d68a5638b01ec8f5843d0cf644147928e	b32c872427cb041eb5c4759cb29463e30ca7c307
/Users/zacheryspector/studio-scratch/1370-c0-h-bridge-addendum-proposal-r2/PLAN.md	docs/engineering/playability-launch-review/evidence/p14b4-20260919/1370-stage/thirty-ninth-verification/1370-c0-h-bridge-addendum-proposal-r2/PLAN.md	6396	4dd275e33b6dbe68cad5a38bf8ba574b50ad95ac9e3836a9e58ef4bcea2153c2	2848383b4344bc14cd05d573207da44646b875bc
/Users/zacheryspector/studio-scratch/1370-c0-h-bridge-addendum-proposal-r2/add_bridge.py	docs/engineering/playability-launch-review/evidence/p14b4-20260919/1370-stage/thirty-ninth-verification/1370-c0-h-bridge-addendum-proposal-r2/add_bridge.py	12902	f3cca2245ecdf73141292fa837158767edab9f2053f4c004f36d8b4962e56d8a	fccd0ff79f1312b933a2b45c73aa23bf64d7fb07
/Users/zacheryspector/studio-scratch/1370-c0-h-bridge-addendum-proposal-r2/selfcheck.py	docs/engineering/playability-launch-review/evidence/p14b4-20260919/1370-stage/thirty-ninth-verification/1370-c0-h-bridge-addendum-proposal-r2/selfcheck.py	3631	4b621d805255d4543420c1cb800ffc153168fd271910c2692a892ff42cc3a951	3ad4c7836562247f1830440cc6fb82103a3e4b3c
/Users/zacheryspector/studio-scratch/1370-c0-h-bridge-addendum-proposal-r3/BRIDGE-INPUTS.json	docs/engineering/playability-launch-review/evidence/p14b4-20260919/1370-stage/thirty-ninth-verification/1370-c0-h-bridge-addendum-proposal-r3/BRIDGE-INPUTS.json	26930	2598b0c372eed48d9be04192eb7e33aa52e398a9323d4e2155c176e4cce5efaa	92091fdf7cf356f916e5fc6bc3bd2d513eeb79f7
/Users/zacheryspector/studio-scratch/1370-c0-h-bridge-addendum-proposal-r3/INVENTORY.json	docs/engineering/playability-launch-review/evidence/p14b4-20260919/1370-stage/thirty-ninth-verification/1370-c0-h-bridge-addendum-proposal-r3/INVENTORY.json	922	2cd8b613ebc4315f16e1383159cc89bbf19fb23de13042de933c3dc84296d83d	b5c38362f1f728474ed7b7ff229e5f857e650109
/Users/zacheryspector/studio-scratch/1370-c0-h-bridge-addendum-proposal-r3/PLAN.md	docs/engineering/playability-launch-review/evidence/p14b4-20260919/1370-stage/thirty-ninth-verification/1370-c0-h-bridge-addendum-proposal-r3/PLAN.md	6872	d0dd65042160d08750bc6ca13cd1562ee4933a3afba961e5f02d4ade22f1167d	18240903dae627ee3f4416dc4cdd7b1006688303
/Users/zacheryspector/studio-scratch/1370-c0-h-bridge-addendum-proposal-r3/add_bridge.py	docs/engineering/playability-launch-review/evidence/p14b4-20260919/1370-stage/thirty-ninth-verification/1370-c0-h-bridge-addendum-proposal-r3/add_bridge.py	14319	72a9bf9f6567afac320373532486c6bfd40663cf019eadb93d32db73a651678d	24194e84ed8a6f7f0b5381009352f55ce968fa72
/Users/zacheryspector/studio-scratch/1370-c0-h-bridge-addendum-proposal-r3/selfcheck.py	docs/engineering/playability-launch-review/evidence/p14b4-20260919/1370-stage/thirty-ninth-verification/1370-c0-h-bridge-addendum-proposal-r3/selfcheck.py	4487	c72df4edda4c34941453376d0706a897410c60d2efe40b749bc70209ecb80090	597a274153c066e6e01764ca31b6271844612c83
/Users/zacheryspector/studio-scratch/1370-c0-h-bridge-addendum-recorder-independent-static-review-r2/RECEIPT.json	docs/engineering/playability-launch-review/evidence/p14b4-20260919/1370-stage/thirty-ninth-verification/1370-c0-h-bridge-addendum-recorder-independent-static-review-r2/RECEIPT.json	2267	957351cb947e66b19b248405ec046406ce116c4f8877e856dc05033e1b84cfa4	7deecf5b4552ab399aad7830f50b79031e01a611
/Users/zacheryspector/studio-scratch/1370-c0-h-bridge-addendum-recorder-independent-static-review-r2/REVIEW.md	docs/engineering/playability-launch-review/evidence/p14b4-20260919/1370-stage/thirty-ninth-verification/1370-c0-h-bridge-addendum-recorder-independent-static-review-r2/REVIEW.md	1026	51f3876f75d40cd2e0145b7dcb413495fb72fc17fa40193d2a46ff29d90b9036	6d3517b0687ff0ddb95a5f177f0be00c8d1fff95
/Users/zacheryspector/studio-scratch/1370-c0-h-bridge-addendum-recorder-independent-static-review-r3/RECEIPT.json	docs/engineering/playability-launch-review/evidence/p14b4-20260919/1370-stage/thirty-ninth-verification/1370-c0-h-bridge-addendum-recorder-independent-static-review-r3/RECEIPT.json	1798	38495ef7c523ad6cb4bdb8cc673a369ce57785220ab8abec9595269197dc2401	7b5cd1ec2d8bdd6145159609308c2252b9f5aea1
/Users/zacheryspector/studio-scratch/1370-c0-h-bridge-addendum-recorder-independent-static-review-r3/REVIEW.md	docs/engineering/playability-launch-review/evidence/p14b4-20260919/1370-stage/thirty-ninth-verification/1370-c0-h-bridge-addendum-recorder-independent-static-review-r3/REVIEW.md	971	63aea3a33cb8fcd860d05dc5271f17194682cd48a17b10d33ebe466b071e018f	22f9105e8715a5fd0d9af9902fc4300062d19ae5
/Users/zacheryspector/studio-scratch/1370-c0-h-bridge-addendum-recorder-independent-static-review-r4/RECEIPT.json	docs/engineering/playability-launch-review/evidence/p14b4-20260919/1370-stage/thirty-ninth-verification/1370-c0-h-bridge-addendum-recorder-independent-static-review-r4/RECEIPT.json	2199	903429313815be42c2d9fd2e37af69b0c4ebea57f842cdc85a99f3aa3386e34e	97365b47628141c97e02074eb581f4cd1abe72b6
/Users/zacheryspector/studio-scratch/1370-c0-h-bridge-addendum-recorder-independent-static-review-r4/REVIEW.md	docs/engineering/playability-launch-review/evidence/p14b4-20260919/1370-stage/thirty-ninth-verification/1370-c0-h-bridge-addendum-recorder-independent-static-review-r4/REVIEW.md	1055	b2703729271e5529218da46484fd338912e9ae27e44385c6b11f8cc4e54970cc	5cfb01e19f76893cbe0b93d9915ab3ec3ed9203e
/Users/zacheryspector/studio-scratch/1370-c0-h-bridge-addendum-recorder-launch-template-r2/BINDING.template.json	docs/engineering/playability-launch-review/evidence/p14b4-20260919/1370-stage/thirty-ninth-verification/1370-c0-h-bridge-addendum-recorder-launch-template-r2/BINDING.template.json	930	9cb916525d9983b1874d2c0dcb3f761eac9f65b80cde90dc9067c21de68ccf48	072c180fc88d87cf27c7f5b7c7f1d25a9a310e5d
/Users/zacheryspector/studio-scratch/1370-c0-h-bridge-addendum-recorder-launch-template-r2/INVENTORY.json	docs/engineering/playability-launch-review/evidence/p14b4-20260919/1370-stage/thirty-ninth-verification/1370-c0-h-bridge-addendum-recorder-launch-template-r2/INVENTORY.json	584	86f010a4bd60fa4634b6bdba2a68bc7aa6af1e1762482afcf452c3e070fdee0a	fe05e4329ef081dd206c7f4297f60c5cda72121b
/Users/zacheryspector/studio-scratch/1370-c0-h-bridge-addendum-recorder-launch-template-r2/LAUNCH.template.command	docs/engineering/playability-launch-review/evidence/p14b4-20260919/1370-stage/thirty-ninth-verification/1370-c0-h-bridge-addendum-recorder-launch-template-r2/LAUNCH.template.command	3169	2b2fd9bc30cb077620e302b7bf998499dde9bdff8dea203fe14c8e0b8ef5c4d6	ab52d3126c6ac8e8a5d993624870c06de586561a
/Users/zacheryspector/studio-scratch/1370-c0-h-bridge-addendum-recorder-launch-template-r2/PLAN.md	docs/engineering/playability-launch-review/evidence/p14b4-20260919/1370-stage/thirty-ninth-verification/1370-c0-h-bridge-addendum-recorder-launch-template-r2/PLAN.md	1139	e8769882f30e0075db176b41c809420dec3bb17f557e844f371764a4c525634c	49a54da001cbfd6a3bf1e9328a807bd51bf585a1
/Users/zacheryspector/studio-scratch/1370-c0-h-bridge-addendum-recorder-proposal-r2/INVENTORY.json	docs/engineering/playability-launch-review/evidence/p14b4-20260919/1370-stage/thirty-ninth-verification/1370-c0-h-bridge-addendum-recorder-proposal-r2/INVENTORY.json	708	0ee4425c4ba540e948023292ffcc67b063cdc60ad6e5cf453c4989b85a28495d	5436c55f8a8d8ff61dce64d05d7a92cf394652b3
/Users/zacheryspector/studio-scratch/1370-c0-h-bridge-addendum-recorder-proposal-r2/PLAN.md	docs/engineering/playability-launch-review/evidence/p14b4-20260919/1370-stage/thirty-ninth-verification/1370-c0-h-bridge-addendum-recorder-proposal-r2/PLAN.md	1796	a80bd1744844bac02d77037bd23329ed30b26e80197e2fc34304b55d150b3ee6	dee3f67c51e2d3aa19086521cd3bb999eaec9c1a
/Users/zacheryspector/studio-scratch/1370-c0-h-bridge-addendum-recorder-proposal-r2/selfcheck.py	docs/engineering/playability-launch-review/evidence/p14b4-20260919/1370-stage/thirty-ninth-verification/1370-c0-h-bridge-addendum-recorder-proposal-r2/selfcheck.py	1377	4e955bff237456e53ca27da42a6a3632b8860daad00999f5e2e540651796e061	260b2442fca9a99da6fc7ade109fa1429186abee
/Users/zacheryspector/studio-scratch/1370-c0-h-bridge-addendum-recorder-proposal-r2/supervise.py	docs/engineering/playability-launch-review/evidence/p14b4-20260919/1370-stage/thirty-ninth-verification/1370-c0-h-bridge-addendum-recorder-proposal-r2/supervise.py	8139	49b20484d474188dd17827a6259c7475160761a77b42de8b3c97cfa27818fd51	887c713a908e1a3491197d92081534ca35e165c0
/Users/zacheryspector/studio-scratch/1370-c0-h-bridge-addendum-recorder-proposal-r3/INVENTORY.json	docs/engineering/playability-launch-review/evidence/p14b4-20260919/1370-stage/thirty-ninth-verification/1370-c0-h-bridge-addendum-recorder-proposal-r3/INVENTORY.json	712	79bd10eae10d6d3555b5cf4a5af8a097ab14ea5101e8cb65416dd3b69de6c494	8be03e8b5290a30964259470fc794468086c62c0
/Users/zacheryspector/studio-scratch/1370-c0-h-bridge-addendum-recorder-proposal-r3/PLAN.md	docs/engineering/playability-launch-review/evidence/p14b4-20260919/1370-stage/thirty-ninth-verification/1370-c0-h-bridge-addendum-recorder-proposal-r3/PLAN.md	2471	6892930f4dcb47de80c79abb4524e9e42fee53f5de7b77fee404d0cfae73d2d7	5a1080964cf88a265622a779c3081e72d2b750c9
/Users/zacheryspector/studio-scratch/1370-c0-h-bridge-addendum-recorder-proposal-r3/selfcheck.py	docs/engineering/playability-launch-review/evidence/p14b4-20260919/1370-stage/thirty-ninth-verification/1370-c0-h-bridge-addendum-recorder-proposal-r3/selfcheck.py	2040	0d620c5d162576b7d13030cdc5ae701eea7a723be1436a69b5db955eb6004fa0	94ce924fbed4c5445772939e7a23153e587f0bcc
/Users/zacheryspector/studio-scratch/1370-c0-h-bridge-addendum-recorder-proposal-r3/supervise.py	docs/engineering/playability-launch-review/evidence/p14b4-20260919/1370-stage/thirty-ninth-verification/1370-c0-h-bridge-addendum-recorder-proposal-r3/supervise.py	10044	90b980bd331978da9c2da02e04739b76857eaa1daa4880ecaac2f89f0e185b1e	312d0aae69033abb72c417a7ef756c8491fda288
/Users/zacheryspector/studio-scratch/1370-c0-h-bridge-addendum-recorder-proposal-r4/INVENTORY.json	docs/engineering/playability-launch-review/evidence/p14b4-20260919/1370-stage/thirty-ninth-verification/1370-c0-h-bridge-addendum-recorder-proposal-r4/INVENTORY.json	712	655ad7c1deaf3e1c2a24a58a3af964f681bb2c9cd4180443ca60c11ec45ee7f4	7300a36ff457535eede71b1e22847c58632fe553
/Users/zacheryspector/studio-scratch/1370-c0-h-bridge-addendum-recorder-proposal-r4/PLAN.md	docs/engineering/playability-launch-review/evidence/p14b4-20260919/1370-stage/thirty-ninth-verification/1370-c0-h-bridge-addendum-recorder-proposal-r4/PLAN.md	2841	f084d90e090d6668dc76c0a1c19094fbe84691ad1916009926e23e0b258700f7	c54beb464df145e62f3024b826efebf5b6e66444
/Users/zacheryspector/studio-scratch/1370-c0-h-bridge-addendum-recorder-proposal-r4/selfcheck.py	docs/engineering/playability-launch-review/evidence/p14b4-20260919/1370-stage/thirty-ninth-verification/1370-c0-h-bridge-addendum-recorder-proposal-r4/selfcheck.py	2519	bb5feba9ffc6365a4236bc54ff78be4828b6ec6f4f3713d5b2037fbbbc68dc1f	55d49596059ab38677a45ff03ade9987fe139401
/Users/zacheryspector/studio-scratch/1370-c0-h-bridge-addendum-recorder-proposal-r4/supervise.py	docs/engineering/playability-launch-review/evidence/p14b4-20260919/1370-stage/thirty-ninth-verification/1370-c0-h-bridge-addendum-recorder-proposal-r4/supervise.py	10368	3ce344244945298a11668abc04fc8a244f7a3884666d2f461797ede35aa11d44	6876f4b82946c90b804ffd4b81e5965c505151f2
/Users/zacheryspector/studio-scratch/1370-c0-h-bridge-addendum-recorder-results-r4/20261008-h-bridge-addendum-r3.RECORDER-RESULT.json	docs/engineering/playability-launch-review/evidence/p14b4-20260919/1370-stage/thirty-ninth-verification/1370-c0-h-bridge-addendum-recorder-results-r4/20261008-h-bridge-addendum-r3.RECORDER-RESULT.json	543	613b0487f37cfe9b2e0267ec8e0c5943ace463a531705567e96e4e41de656b10	affc1b47e32aba50dd3273a545ab1aee70bc2837
/Users/zacheryspector/studio-scratch/1370-c0-h-bridge-addendum-results-r3/20261008-h-bridge-addendum-r3.RESULT.json	docs/engineering/playability-launch-review/evidence/p14b4-20260919/1370-stage/thirty-ninth-verification/1370-c0-h-bridge-addendum-results-r3/20261008-h-bridge-addendum-r3.RESULT.json	1179	659b5a436fd874df8485cba90e3e1b5d5847e02f21f3b2dcc27c21e555a5785f	27587286358233d6a26ff09bb9141bb6bd3d9c93
/Users/zacheryspector/studio-scratch/1370-c0-h-bridge-full-readback-filled-exact-independent-review-r1/RECEIPT.json	docs/engineering/playability-launch-review/evidence/p14b4-20260919/1370-stage/thirty-ninth-verification/1370-c0-h-bridge-full-readback-filled-exact-independent-review-r1/RECEIPT.json	1601	86064cf69bf9c708acb48c12952d47cef33f1d97eb2ba1bbfe09e098902d4e94	bbee7132a8015db35e7db1b02a20fd570240b188
/Users/zacheryspector/studio-scratch/1370-c0-h-bridge-full-readback-filled-exact-independent-review-r1/REVIEW.md	docs/engineering/playability-launch-review/evidence/p14b4-20260919/1370-stage/thirty-ninth-verification/1370-c0-h-bridge-full-readback-filled-exact-independent-review-r1/REVIEW.md	1440	3c36da15a6dc17e101fa6b28cf897aabd508f7525e47eae2087e1afcbd752796	ff0d75f40a3308c089a42514feb823b5f46324a7
/Users/zacheryspector/studio-scratch/1370-c0-h-bridge-full-readback-filled-exact-independent-review-r5/RECEIPT.json	docs/engineering/playability-launch-review/evidence/p14b4-20260919/1370-stage/thirty-ninth-verification/1370-c0-h-bridge-full-readback-filled-exact-independent-review-r5/RECEIPT.json	1646	415af263d4ccd1cb5acbe807a3ac3333e1f5b5fa6216b22f07b246870b16f9d7	1c7073e63b5701d2b4229255269ad9e739ea9f92
/Users/zacheryspector/studio-scratch/1370-c0-h-bridge-full-readback-filled-exact-independent-review-r5/REVIEW.md	docs/engineering/playability-launch-review/evidence/p14b4-20260919/1370-stage/thirty-ninth-verification/1370-c0-h-bridge-full-readback-filled-exact-independent-review-r5/REVIEW.md	1044	7dc322e0a14120f92289694807d0d0687b16081733406128a8dc1d3278d0abf9	f82ec9b54983e1dd56db53ff1c4ac4cf62ca3016
/Users/zacheryspector/studio-scratch/1370-c0-h-bridge-full-readback-filled-exact-independent-review-r6/RECEIPT.json	docs/engineering/playability-launch-review/evidence/p14b4-20260919/1370-stage/thirty-ninth-verification/1370-c0-h-bridge-full-readback-filled-exact-independent-review-r6/RECEIPT.json	1908	feb6a592008230f89767693aefcf1077b01b110297e30ed8cfcc9e6c790a762d	5b6717c6199e2eccb7a26c511b33b85285200a96
/Users/zacheryspector/studio-scratch/1370-c0-h-bridge-full-readback-filled-exact-independent-review-r6/REVIEW.md	docs/engineering/playability-launch-review/evidence/p14b4-20260919/1370-stage/thirty-ninth-verification/1370-c0-h-bridge-full-readback-filled-exact-independent-review-r6/REVIEW.md	1024	3044686d00b09e555b088a705ff2403460f22827bf15bf5db2ddb53ffd994b4b	5cdde3579c383955099181f5e5b2e15082df28bb
/Users/zacheryspector/studio-scratch/1370-c0-h-bridge-full-readback-filled-exact-r4/BINDING.json	docs/engineering/playability-launch-review/evidence/p14b4-20260919/1370-stage/thirty-ninth-verification/1370-c0-h-bridge-full-readback-filled-exact-r4/BINDING.json	5071	45ae9e3e10658ab23179d08cb841923dc46c3b76c2991b1a0da16a1e29d4b4f0	778559c74e67b03d1462d1f4d4189b9c93f96ed4
/Users/zacheryspector/studio-scratch/1370-c0-h-bridge-full-readback-filled-exact-r4/INVENTORY.json	docs/engineering/playability-launch-review/evidence/p14b4-20260919/1370-stage/thirty-ninth-verification/1370-c0-h-bridge-full-readback-filled-exact-r4/INVENTORY.json	852	09efe98563fe5222915ce292b391ae908b8a35612803a1b7941d9510dc1aa359	3c7374ebb0967afca0e75d4231d22f488a5f1802
/Users/zacheryspector/studio-scratch/1370-c0-h-bridge-full-readback-filled-exact-r4/LAUNCH.command	docs/engineering/playability-launch-review/evidence/p14b4-20260919/1370-stage/thirty-ninth-verification/1370-c0-h-bridge-full-readback-filled-exact-r4/LAUNCH.command	3337	c2c3746b3d10961f370aca35b73be291b7d96ae000f0a690892a2d2fee16401c	f4fdd64f0f7b29188569acd2dfbde433cbb0b206
/Users/zacheryspector/studio-scratch/1370-c0-h-bridge-full-readback-filled-exact-r4/PLAN.md	docs/engineering/playability-launch-review/evidence/p14b4-20260919/1370-stage/thirty-ninth-verification/1370-c0-h-bridge-full-readback-filled-exact-r4/PLAN.md	1618	b09aeaba8c5ba20e3d0749b91db8ed6c46e48f5d5bcaaa836cfe871d44c79606	3720b744524583d7a0ad49368299c6826715b76c
/Users/zacheryspector/studio-scratch/1370-c0-h-bridge-full-readback-filled-exact-r5/BINDING.json	docs/engineering/playability-launch-review/evidence/p14b4-20260919/1370-stage/thirty-ninth-verification/1370-c0-h-bridge-full-readback-filled-exact-r5/BINDING.json	5168	dcc0bb0b43e999920de454641edd51817a8ee0419271ab82f4605fc3aae8e424	8daa04c61fc91d8000e1015423790cc7ac1704b7
/Users/zacheryspector/studio-scratch/1370-c0-h-bridge-full-readback-filled-exact-r5/INVENTORY.json	docs/engineering/playability-launch-review/evidence/p14b4-20260919/1370-stage/thirty-ninth-verification/1370-c0-h-bridge-full-readback-filled-exact-r5/INVENTORY.json	400	2b13490ee94cd152d5137efbbc39e74ad2008c8ee64aa5fb049215d2369f3342	02b785475a04855e51eac91aa3dff029d21b1173
/Users/zacheryspector/studio-scratch/1370-c0-h-bridge-full-readback-filled-exact-r5/LAUNCH.command	docs/engineering/playability-launch-review/evidence/p14b4-20260919/1370-stage/thirty-ninth-verification/1370-c0-h-bridge-full-readback-filled-exact-r5/LAUNCH.command	3340	b1fd9b23c29740095ffe3254476033c0d984bbc6d9afcb8c2033ad33961e5b10	977f24cf54f1a5f4c2f9e8f11b48755311caf67d
/Users/zacheryspector/studio-scratch/1370-c0-h-bridge-full-readback-filled-exact-r5/PLAN.md	docs/engineering/playability-launch-review/evidence/p14b4-20260919/1370-stage/thirty-ninth-verification/1370-c0-h-bridge-full-readback-filled-exact-r5/PLAN.md	315	4d05dac7e142e28a20cfd28b208b67bf4e87e706fe27002caa6ce5b780fc037c	321f3e5aecdf0289a887a4fbd44765d4c2627f36
/Users/zacheryspector/studio-scratch/1370-c0-h-bridge-full-readback-filled-exact-r6/BINDING.json	docs/engineering/playability-launch-review/evidence/p14b4-20260919/1370-stage/thirty-ninth-verification/1370-c0-h-bridge-full-readback-filled-exact-r6/BINDING.json	5374	09120c19b820efcdf4d534b07b818a4b08129a10857bdcc5b370e5a7b8ef74a4	b5a3bdff53933fa49955eb10d05cd67233c50278
/Users/zacheryspector/studio-scratch/1370-c0-h-bridge-full-readback-filled-exact-r6/INVENTORY.json	docs/engineering/playability-launch-review/evidence/p14b4-20260919/1370-stage/thirty-ninth-verification/1370-c0-h-bridge-full-readback-filled-exact-r6/INVENTORY.json	400	df1ef7534a2e650bbc2b003724fb6084e631f652d4a8645dd7720a4d411acfc8	e2cbf3e52b6f68bc903592614f1f3d596e3ecf63
/Users/zacheryspector/studio-scratch/1370-c0-h-bridge-full-readback-filled-exact-r6/LAUNCH.command	docs/engineering/playability-launch-review/evidence/p14b4-20260919/1370-stage/thirty-ninth-verification/1370-c0-h-bridge-full-readback-filled-exact-r6/LAUNCH.command	3340	6a1ad4e3acac52ff21bfb7bb7a3d1dd28d1e50292b9e355db8ba9c5e34321a2f	dbe6370ec70d9cba4beef3200dba79c6b3292fc5
/Users/zacheryspector/studio-scratch/1370-c0-h-bridge-full-readback-filled-exact-r6/PLAN.md	docs/engineering/playability-launch-review/evidence/p14b4-20260919/1370-stage/thirty-ninth-verification/1370-c0-h-bridge-full-readback-filled-exact-r6/PLAN.md	367	7b2d02221d8ea6b808985bbd512cde64bc99adfd76ddb9cc3ce0aebd72d39ef6	67987bff9c27f01aab82bddef574689ef2955f09
/Users/zacheryspector/studio-scratch/1370-c0-h-bridge-full-readback-independent-byte-audit-r6/BYTE-AUDIT.json	docs/engineering/playability-launch-review/evidence/p14b4-20260919/1370-stage/thirty-ninth-verification/1370-c0-h-bridge-full-readback-independent-byte-audit-r6/BYTE-AUDIT.json	719	92719b0788367e830e23d43346ca86a502edcae1b9c232eed106a49be4744c1a	c57ec0f1c9ac33c149687eaa8ab7a04063f32f89
/Users/zacheryspector/studio-scratch/1370-c0-h-bridge-full-readback-independent-byte-audit-r6/audit.py	docs/engineering/playability-launch-review/evidence/p14b4-20260919/1370-stage/thirty-ninth-verification/1370-c0-h-bridge-full-readback-independent-byte-audit-r6/audit.py	6330	3a70f5a5314c2584af3d3d7c74bf8cc98b110b24ba60b798720c599148009327	1d8dbef28aff38855e7ae6fa3ac3c1cd30b59b2a
/Users/zacheryspector/studio-scratch/1370-c0-h-bridge-full-readback-independent-observed-review-r6/RECEIPT.json	docs/engineering/playability-launch-review/evidence/p14b4-20260919/1370-stage/thirty-ninth-verification/1370-c0-h-bridge-full-readback-independent-observed-review-r6/RECEIPT.json	2961	35ca2012f0a6122cd88f509cc6f484c1ec489a08d8752d500877095293ca328a	9da07f686a403365a45ace13b0625278ecc529bd
/Users/zacheryspector/studio-scratch/1370-c0-h-bridge-full-readback-independent-observed-review-r6/REVIEW.md	docs/engineering/playability-launch-review/evidence/p14b4-20260919/1370-stage/thirty-ninth-verification/1370-c0-h-bridge-full-readback-independent-observed-review-r6/REVIEW.md	1329	b97b3b0d221e758da9977a70f23d759de4ad1787b859193f43f8bb02be94fc58	d4f3ef17df1e9da0435450952eac792c99a24f5a
/Users/zacheryspector/studio-scratch/1370-c0-h-bridge-full-readback-independent-observed-stop-review-r4/RECEIPT.json	docs/engineering/playability-launch-review/evidence/p14b4-20260919/1370-stage/thirty-ninth-verification/1370-c0-h-bridge-full-readback-independent-observed-stop-review-r4/RECEIPT.json	1680	8d7c904eefdaacc5e8905c2a3166d80907768cb7c97c75d46be1c26de98beec6	b0513e7633f5b4a5374261e5e9dddfbfedfdd76b
/Users/zacheryspector/studio-scratch/1370-c0-h-bridge-full-readback-independent-observed-stop-review-r4/REVIEW.md	docs/engineering/playability-launch-review/evidence/p14b4-20260919/1370-stage/thirty-ninth-verification/1370-c0-h-bridge-full-readback-independent-observed-stop-review-r4/REVIEW.md	1297	037c50dc4838533e6a86da2bf350d395a727f1a16f6ff15419541ea654481e47	c238292815c89452f89c9db56a4e3344bc5f16d6
/Users/zacheryspector/studio-scratch/1370-c0-h-bridge-full-readback-independent-observed-stop-review-r5/RECEIPT.json	docs/engineering/playability-launch-review/evidence/p14b4-20260919/1370-stage/thirty-ninth-verification/1370-c0-h-bridge-full-readback-independent-observed-stop-review-r5/RECEIPT.json	2119	ded3a4f895ca393dedb3099712a7d01f1ee6f2c22cc780d215f51de397d37fd9	9d5af499cddc3f2c935d5da6cec9cf145c824b88
/Users/zacheryspector/studio-scratch/1370-c0-h-bridge-full-readback-independent-observed-stop-review-r5/REVIEW.md	docs/engineering/playability-launch-review/evidence/p14b4-20260919/1370-stage/thirty-ninth-verification/1370-c0-h-bridge-full-readback-independent-observed-stop-review-r5/REVIEW.md	1123	bd1e8c38939865b1918ab581491c87856a6e0c18a606032e473bb7dd7c852b34	b78954ccf11458682bcce695be7f59de484acf84
/Users/zacheryspector/studio-scratch/1370-c0-h-bridge-full-readback-independent-static-review-r4/RECEIPT.json	docs/engineering/playability-launch-review/evidence/p14b4-20260919/1370-stage/thirty-ninth-verification/1370-c0-h-bridge-full-readback-independent-static-review-r4/RECEIPT.json	1320	c87eafc1af74e35a14ab1a45d4f8b0f6bcc85b1f59d129bbcbf8ba7551e6caa3	cbd8a6bdad1b43456665db2a09f6fbb7a49c52f0
/Users/zacheryspector/studio-scratch/1370-c0-h-bridge-full-readback-independent-static-review-r4/REVIEW.md	docs/engineering/playability-launch-review/evidence/p14b4-20260919/1370-stage/thirty-ninth-verification/1370-c0-h-bridge-full-readback-independent-static-review-r4/REVIEW.md	1351	0622c179f029a0ec35ccd355bf207ad61665d236325ed1c0bab5f015cd6a759a	17d920ac2f66bf75a6f2a880644704f60043e563
/Users/zacheryspector/studio-scratch/1370-c0-h-bridge-full-readback-independent-static-review-r5/RECEIPT.json	docs/engineering/playability-launch-review/evidence/p14b4-20260919/1370-stage/thirty-ninth-verification/1370-c0-h-bridge-full-readback-independent-static-review-r5/RECEIPT.json	927	c540f11967aac7d0fc30f4452a24ad47441ea45ff3377cb10e8bec94988196f0	26bab79e6521b6473b066fd09288be02fcdd361d
/Users/zacheryspector/studio-scratch/1370-c0-h-bridge-full-readback-independent-static-review-r5/REVIEW.md	docs/engineering/playability-launch-review/evidence/p14b4-20260919/1370-stage/thirty-ninth-verification/1370-c0-h-bridge-full-readback-independent-static-review-r5/REVIEW.md	1032	838886d6c8de26cb964f053895ca9b62599afdbec5d8b1e9de7697435166a53d	a437f74013aee4b21676977a6702d6b9254fb4c4
/Users/zacheryspector/studio-scratch/1370-c0-h-bridge-full-readback-independent-static-review-r6/RECEIPT.json	docs/engineering/playability-launch-review/evidence/p14b4-20260919/1370-stage/thirty-ninth-verification/1370-c0-h-bridge-full-readback-independent-static-review-r6/RECEIPT.json	720	63767792d0a2e43a052141c13f3e1e15c2d4c3dbc450f4a73a3210d5daa564e1	17dd90c381dcf86380fe14fcc1881bc95e5a0a03
/Users/zacheryspector/studio-scratch/1370-c0-h-bridge-full-readback-independent-static-review-r6/REVIEW.md	docs/engineering/playability-launch-review/evidence/p14b4-20260919/1370-stage/thirty-ninth-verification/1370-c0-h-bridge-full-readback-independent-static-review-r6/REVIEW.md	1042	1414ef7d34661ad608cf92053886b4a3489123ec6838384ae3fe7b2045969ef5	a266343f89be75adaa4b3fc5caa4f5bc4dda5bc4
/Users/zacheryspector/studio-scratch/1370-c0-h-bridge-full-readback-outer-recorder-independent-static-review-r1/RECEIPT.json	docs/engineering/playability-launch-review/evidence/p14b4-20260919/1370-stage/thirty-ninth-verification/1370-c0-h-bridge-full-readback-outer-recorder-independent-static-review-r1/RECEIPT.json	2164	142a757b2ec6ee2942dba71d04a5f01fb6401910bcfc323b23b0811511873350	affe7e45a67334c9c47cd72405cf461331efc5c9
/Users/zacheryspector/studio-scratch/1370-c0-h-bridge-full-readback-outer-recorder-independent-static-review-r1/REVIEW.md	docs/engineering/playability-launch-review/evidence/p14b4-20260919/1370-stage/thirty-ninth-verification/1370-c0-h-bridge-full-readback-outer-recorder-independent-static-review-r1/REVIEW.md	1266	76f2f5aa1ab3b6b43437c70577508c80c0a027a195ab55a4d0f31b1d5782c417	5178594ba2e5ebc0b0aa1bfe972814f683fe9bfb
/Users/zacheryspector/studio-scratch/1370-c0-h-bridge-full-readback-outer-recorder-independent-static-review-r2/RECEIPT.json	docs/engineering/playability-launch-review/evidence/p14b4-20260919/1370-stage/thirty-ninth-verification/1370-c0-h-bridge-full-readback-outer-recorder-independent-static-review-r2/RECEIPT.json	1286	206d25c3f5b4c1930d3f4b79de31e7386e677e72d01c7ac4d90dbd55688c1fcc	f58427cd5ced46ee97c35bcea7617c709237c939
/Users/zacheryspector/studio-scratch/1370-c0-h-bridge-full-readback-outer-recorder-independent-static-review-r2/REVIEW.md	docs/engineering/playability-launch-review/evidence/p14b4-20260919/1370-stage/thirty-ninth-verification/1370-c0-h-bridge-full-readback-outer-recorder-independent-static-review-r2/REVIEW.md	1025	9fa86e15073a188635192c05d67ac982476cc5f8c64ebaf06265e4ef4ae7ba8a	d88a8c3fb67e0530fb0cd5fea8029d57bd48f3ec
/Users/zacheryspector/studio-scratch/1370-c0-h-bridge-full-readback-outer-recorder-independent-static-review-r3/RECEIPT.json	docs/engineering/playability-launch-review/evidence/p14b4-20260919/1370-stage/thirty-ninth-verification/1370-c0-h-bridge-full-readback-outer-recorder-independent-static-review-r3/RECEIPT.json	1378	4c3ce68ac6e0f21699be9b172ec4ea42b0dc4cf077b500b41c02d2f4912a67d9	3bf8311db057ffa1a4c8d31d9f4b8cfafe0a129e
/Users/zacheryspector/studio-scratch/1370-c0-h-bridge-full-readback-outer-recorder-independent-static-review-r3/REVIEW.md	docs/engineering/playability-launch-review/evidence/p14b4-20260919/1370-stage/thirty-ninth-verification/1370-c0-h-bridge-full-readback-outer-recorder-independent-static-review-r3/REVIEW.md	742	d49750df6ad0178a2e4419718b591d4605f835cb35af6de2a5fa97936c435256	c6653410cb09724772eac37d79d6b00486e73571
/Users/zacheryspector/studio-scratch/1370-c0-h-bridge-full-readback-outer-recorder-proposal-r1/INVENTORY.json	docs/engineering/playability-launch-review/evidence/p14b4-20260919/1370-stage/thirty-ninth-verification/1370-c0-h-bridge-full-readback-outer-recorder-proposal-r1/INVENTORY.json	936	399ec5de27b7220a35dfbbc484210d0278680969953164b6f61fe5730d0edbfe	af6453f5934763c20790445e06143709a8bb7562
/Users/zacheryspector/studio-scratch/1370-c0-h-bridge-full-readback-outer-recorder-proposal-r1/LAUNCH.template.command	docs/engineering/playability-launch-review/evidence/p14b4-20260919/1370-stage/thirty-ninth-verification/1370-c0-h-bridge-full-readback-outer-recorder-proposal-r1/LAUNCH.template.command	3237	1a58872f8d8be372c70755e332a2092544ef606e988ebe610057df7b1369b112	915a6a436f5cfd055c3203bbc8df0666d0fa72d3
/Users/zacheryspector/studio-scratch/1370-c0-h-bridge-full-readback-outer-recorder-proposal-r1/PLAN.md	docs/engineering/playability-launch-review/evidence/p14b4-20260919/1370-stage/thirty-ninth-verification/1370-c0-h-bridge-full-readback-outer-recorder-proposal-r1/PLAN.md	2221	0f4a3a60cfaa092f0d8740c0e9a7860c53c24c52fbd6730ad92fa01a299118be	09f1ed1f36dd4d0f7cb4a95cad7279c3abc66fd0
/Users/zacheryspector/studio-scratch/1370-c0-h-bridge-full-readback-outer-recorder-proposal-r1/selfcheck.py	docs/engineering/playability-launch-review/evidence/p14b4-20260919/1370-stage/thirty-ninth-verification/1370-c0-h-bridge-full-readback-outer-recorder-proposal-r1/selfcheck.py	3684	30a4999d9c359c7154e0adbf7def61f36a350a2ccdfdd0c5bef49c2a213d48c1	3776b69afc356481985694fa42aaca8c455723e0
/Users/zacheryspector/studio-scratch/1370-c0-h-bridge-full-readback-outer-recorder-proposal-r1/supervise.py	docs/engineering/playability-launch-review/evidence/p14b4-20260919/1370-stage/thirty-ninth-verification/1370-c0-h-bridge-full-readback-outer-recorder-proposal-r1/supervise.py	12004	631104e7a52b32bebbe3f0ac7005624a0de27da667ed1e6eaef1c7cd883e0759	e02b86d269f4545a9c98b736fa1a647d5d283282
/Users/zacheryspector/studio-scratch/1370-c0-h-bridge-full-readback-outer-recorder-proposal-r2/INVENTORY.json	docs/engineering/playability-launch-review/evidence/p14b4-20260919/1370-stage/thirty-ninth-verification/1370-c0-h-bridge-full-readback-outer-recorder-proposal-r2/INVENTORY.json	1053	d04782402acce1e40ee75971826d42683e209d362eb7e98fd5ae9d0f6c247b6f	82969b5be18c458c3e59c00f469413e4b909fea6
/Users/zacheryspector/studio-scratch/1370-c0-h-bridge-full-readback-outer-recorder-proposal-r2/LAUNCH.template.command	docs/engineering/playability-launch-review/evidence/p14b4-20260919/1370-stage/thirty-ninth-verification/1370-c0-h-bridge-full-readback-outer-recorder-proposal-r2/LAUNCH.template.command	3237	77ecb9b018ea307dcec090c8b1afb291d5442ee2527d31646fef30b1e0bddf56	f1668fb4910e3baea81ab20c708eeb9921afba41
/Users/zacheryspector/studio-scratch/1370-c0-h-bridge-full-readback-outer-recorder-proposal-r2/PLAN.md	docs/engineering/playability-launch-review/evidence/p14b4-20260919/1370-stage/thirty-ninth-verification/1370-c0-h-bridge-full-readback-outer-recorder-proposal-r2/PLAN.md	1206	549ddda104f31847463176165ce798f0211cc804f89936fd99c5589c57b4b472	a266b15c1482609cd10ae026dd40ef6890a3f235
/Users/zacheryspector/studio-scratch/1370-c0-h-bridge-full-readback-outer-recorder-proposal-r2/selfcheck.py	docs/engineering/playability-launch-review/evidence/p14b4-20260919/1370-stage/thirty-ninth-verification/1370-c0-h-bridge-full-readback-outer-recorder-proposal-r2/selfcheck.py	3684	0d4c5c9de97e4596f04d027f6b61442ef8d3996cb010b1cf492c201cc6e117cd	faf7aee85decaad82e52dc995e8525840a97a407
/Users/zacheryspector/studio-scratch/1370-c0-h-bridge-full-readback-outer-recorder-proposal-r2/supervise.py	docs/engineering/playability-launch-review/evidence/p14b4-20260919/1370-stage/thirty-ninth-verification/1370-c0-h-bridge-full-readback-outer-recorder-proposal-r2/supervise.py	12004	8a4171a3cf9749850538a59cc947a31dfd234890879b87a821832ad675a76913	6ed7344478792d77fc58cca8b12c1011f1d3e97d
/Users/zacheryspector/studio-scratch/1370-c0-h-bridge-full-readback-outer-recorder-proposal-r3/INVENTORY.json	docs/engineering/playability-launch-review/evidence/p14b4-20260919/1370-stage/thirty-ninth-verification/1370-c0-h-bridge-full-readback-outer-recorder-proposal-r3/INVENTORY.json	933	c2c6ed4e12f018281cc2ce207c6908fd652a92c07e02753cd8d0074c21d670b0	c5a767ccbdae732ba5c517e256d52e40d10f6a55
/Users/zacheryspector/studio-scratch/1370-c0-h-bridge-full-readback-outer-recorder-proposal-r3/LAUNCH.template.command	docs/engineering/playability-launch-review/evidence/p14b4-20260919/1370-stage/thirty-ninth-verification/1370-c0-h-bridge-full-readback-outer-recorder-proposal-r3/LAUNCH.template.command	3237	388da724f06edffee8554fc345d644a35bb4e6fa036a7002024128ab7e5f5636	d99e2d01a8b57db17e1b4f6b40059c248ad0470f
/Users/zacheryspector/studio-scratch/1370-c0-h-bridge-full-readback-outer-recorder-proposal-r3/PLAN.md	docs/engineering/playability-launch-review/evidence/p14b4-20260919/1370-stage/thirty-ninth-verification/1370-c0-h-bridge-full-readback-outer-recorder-proposal-r3/PLAN.md	462	4b0d3848379f0e6bfa984a2c10be9247a044e4dee9fb1f7e229b9128751dca21	026db1669362748ae0bbeb1af8753edc26e4e8e3
/Users/zacheryspector/studio-scratch/1370-c0-h-bridge-full-readback-outer-recorder-proposal-r3/selfcheck.py	docs/engineering/playability-launch-review/evidence/p14b4-20260919/1370-stage/thirty-ninth-verification/1370-c0-h-bridge-full-readback-outer-recorder-proposal-r3/selfcheck.py	3684	74493a7c7085c2178397816da9ba2f0e5658c42e9ccb0caf4f713c3a8e927046	c9a3cd9b7c571701661c26f36843dea16009a9c2
/Users/zacheryspector/studio-scratch/1370-c0-h-bridge-full-readback-outer-recorder-proposal-r3/supervise.py	docs/engineering/playability-launch-review/evidence/p14b4-20260919/1370-stage/thirty-ninth-verification/1370-c0-h-bridge-full-readback-outer-recorder-proposal-r3/supervise.py	12004	afe0936bca4b1d833ae5e5397e10970fb92fa61bcd48dac17cd0210adf2fd863	0eac320dc3f5cf3e380ef2d8e6ebf6e96fb09243
/Users/zacheryspector/studio-scratch/1370-c0-h-bridge-full-readback-prewalk-audit-r6-actual-binding/RECEIPT.json	docs/engineering/playability-launch-review/evidence/p14b4-20260919/1370-stage/thirty-ninth-verification/1370-c0-h-bridge-full-readback-prewalk-audit-r6-actual-binding/RECEIPT.json	425	6b4d17eab5dd90c32aa284bd2ecc426f03a4eb2637a9a2dc5c5174bf8cf3e594	631195ba0b423e664300556d4b308c34d575e274
/Users/zacheryspector/studio-scratch/1370-c0-h-bridge-full-readback-prewalk-audit-r6-actual-binding/REPORT.md	docs/engineering/playability-launch-review/evidence/p14b4-20260919/1370-stage/thirty-ninth-verification/1370-c0-h-bridge-full-readback-prewalk-audit-r6-actual-binding/REPORT.md	729	fdc34ed9b221d5a3c00468d48b4eedf408c0bfe5234a537235b38446080be053	a1107f7abfeb8cb2cfa46ab7fafee8f50b586416
/Users/zacheryspector/studio-scratch/1370-c0-h-bridge-full-readback-prewalk-audit-r6/RECEIPT.json	docs/engineering/playability-launch-review/evidence/p14b4-20260919/1370-stage/thirty-ninth-verification/1370-c0-h-bridge-full-readback-prewalk-audit-r6/RECEIPT.json	537	783de8ea235f6434d5a519ce9b12eedb7662557d87d961f9638258dcd8e1881c	51504e3a6dbaccdf6265f595a57f2e2e45d26cbd
/Users/zacheryspector/studio-scratch/1370-c0-h-bridge-full-readback-prewalk-audit-r6/REPORT.md	docs/engineering/playability-launch-review/evidence/p14b4-20260919/1370-stage/thirty-ninth-verification/1370-c0-h-bridge-full-readback-prewalk-audit-r6/REPORT.md	1240	0c5360c08995116c4a3583ce128862e5374fcd4f3ad1ddd94f20dab3fc4b5ff9	9ab6e244f5650301e127ca06a3e921418440c99d
/Users/zacheryspector/studio-scratch/1370-c0-h-bridge-full-readback-r6-retry-plan-r1/PLAN.md	docs/engineering/playability-launch-review/evidence/p14b4-20260919/1370-stage/thirty-ninth-verification/1370-c0-h-bridge-full-readback-r6-retry-plan-r1/PLAN.md	2176	7fcfb7114c900cfc8f40350515efd0a1d159d68a5c9a1fa037110ee8ade2f91f	9dc4bd999f5c537df8b8bb30d6fe8d3b25e1e725
/Users/zacheryspector/studio-scratch/1370-c0-h-bridge-full-readback-recorded-r4/READBACK.json	docs/engineering/playability-launch-review/evidence/p14b4-20260919/1370-stage/thirty-ninth-verification/1370-c0-h-bridge-full-readback-recorded-r4/READBACK.json	175	349ef1efedf574a9fc104222f774acaef4b2e9ceead55cdabf67a8644c7380d1	5c9a5693e8d22d6d2cafcde221694b6dea8fcaeb
/Users/zacheryspector/studio-scratch/1370-c0-h-bridge-full-readback-recorded-r5/READBACK.json	docs/engineering/playability-launch-review/evidence/p14b4-20260919/1370-stage/thirty-ninth-verification/1370-c0-h-bridge-full-readback-recorded-r5/READBACK.json	160	4b8af5b513c17c76c9256107c1d94db9232e086b26dc74c44f5ad4bacf6e4ab5	51459549d636a02adb8b8544692b868c7b8812f5
/Users/zacheryspector/studio-scratch/1370-c0-h-bridge-full-readback-recorded-r6/READBACK.json	docs/engineering/playability-launch-review/evidence/p14b4-20260919/1370-stage/thirty-ninth-verification/1370-c0-h-bridge-full-readback-recorded-r6/READBACK.json	1373	3da9e86417520a6e75591e107e85f4bacf3ba8b7e9fef4b33bca30f854723724	b8cd09802d5f12320f2894a31d5702273a0814f5
/Users/zacheryspector/studio-scratch/1370-c0-h-bridge-full-readback-recorder-results-r1/20261008-h-bridge-full-readback-r1.RECORDER-RESULT.json	docs/engineering/playability-launch-review/evidence/p14b4-20260919/1370-stage/thirty-ninth-verification/1370-c0-h-bridge-full-readback-recorder-results-r1/20261008-h-bridge-full-readback-r1.RECORDER-RESULT.json	834	590499dd07f5d0db6b9dfd5052c77d6a395c8fd0f51fa3d17dbadb8df4ff3c3a	a71a598b357c7cec2117f08ec5ae960a27e5ee67
/Users/zacheryspector/studio-scratch/1370-c0-h-bridge-full-readback-recorder-results-r2/20261008-h-bridge-full-readback-r5.RECORDER-RESULT.json	docs/engineering/playability-launch-review/evidence/p14b4-20260919/1370-stage/thirty-ninth-verification/1370-c0-h-bridge-full-readback-recorder-results-r2/20261008-h-bridge-full-readback-r5.RECORDER-RESULT.json	834	81f720b1de4c71bc495c1215f5e0cdd62fec71eca1d6943ecccd8b19851b403f	ecd25f31814dcbec16ebcec0acef6d51f0af92eb
/Users/zacheryspector/studio-scratch/1370-c0-h-bridge-full-readback-recorder-results-r3/20261008-h-bridge-full-readback-r6.RECORDER-RESULT.json	docs/engineering/playability-launch-review/evidence/p14b4-20260919/1370-stage/thirty-ninth-verification/1370-c0-h-bridge-full-readback-recorder-results-r3/20261008-h-bridge-full-readback-r6.RECORDER-RESULT.json	854	3341a65bae54cae0ca481c652a36621556da8ed885436947078f3fc48bd9f88a	1fc752f853035cd250a74267c0a5f4231e37d66b
/Users/zacheryspector/studio-scratch/1370-c0-h-bridge-full-readback-runner-proposal-r4/BINDING-SOURCE.json	docs/engineering/playability-launch-review/evidence/p14b4-20260919/1370-stage/thirty-ninth-verification/1370-c0-h-bridge-full-readback-runner-proposal-r4/BINDING-SOURCE.json	2534	701e377b42fcc06dd341fc03c93b3e96e92ed9b8d6730e1c945d225caa162c6a	1d2864f80ddb95f413941051965907ff44a12b1c
/Users/zacheryspector/studio-scratch/1370-c0-h-bridge-full-readback-runner-proposal-r4/BOOTSTRAP.py	docs/engineering/playability-launch-review/evidence/p14b4-20260919/1370-stage/thirty-ninth-verification/1370-c0-h-bridge-full-readback-runner-proposal-r4/BOOTSTRAP.py	3626	a1e8d320f961df4235dfe4cc1bd3573d5ac39f43cc44e955413b28d277505b0a	fc5d43158f33018a1441864deed2250e38642e4c
/Users/zacheryspector/studio-scratch/1370-c0-h-bridge-full-readback-runner-proposal-r4/EXACT-LAUNCH-TEMPLATE.command	docs/engineering/playability-launch-review/evidence/p14b4-20260919/1370-stage/thirty-ninth-verification/1370-c0-h-bridge-full-readback-runner-proposal-r4/EXACT-LAUNCH-TEMPLATE.command	392	b51dd445f5e60e188cec455820d16a35ec4c4433418e9202639e50be08d4b3fb	65c88695a5fd105420c3d7535c554649ae967b3a
/Users/zacheryspector/studio-scratch/1370-c0-h-bridge-full-readback-runner-proposal-r4/MANIFEST.json	docs/engineering/playability-launch-review/evidence/p14b4-20260919/1370-stage/thirty-ninth-verification/1370-c0-h-bridge-full-readback-runner-proposal-r4/MANIFEST.json	1953	141c72a70dcd201fcaf72a978645742ad6f93e6168cbe96073702c4487d5c4f6	00d7fdfab5db951b807e5777338e0843b9a17231
/Users/zacheryspector/studio-scratch/1370-c0-h-bridge-full-readback-runner-proposal-r4/PLAN.md	docs/engineering/playability-launch-review/evidence/p14b4-20260919/1370-stage/thirty-ninth-verification/1370-c0-h-bridge-full-readback-runner-proposal-r4/PLAN.md	3915	33a8ea7679147f1ef5a4785e33223d012c8bd5821f50720be9dc824f59ad4edb	b7aae3afc5cda19ff27b58b59e82e49250addb92
/Users/zacheryspector/studio-scratch/1370-c0-h-bridge-full-readback-runner-proposal-r4/RECORDER-DESIGN.md	docs/engineering/playability-launch-review/evidence/p14b4-20260919/1370-stage/thirty-ninth-verification/1370-c0-h-bridge-full-readback-runner-proposal-r4/RECORDER-DESIGN.md	1403	29de707807f19328382653ae4e1c94eef38a22bb9a9e355b97d58c14c572441e	7b79970e6092dd18c54933d2467c263e0551839f
/Users/zacheryspector/studio-scratch/1370-c0-h-bridge-full-readback-runner-proposal-r4/REVIEW-REQUEST.md	docs/engineering/playability-launch-review/evidence/p14b4-20260919/1370-stage/thirty-ninth-verification/1370-c0-h-bridge-full-readback-runner-proposal-r4/REVIEW-REQUEST.md	1076	eddd8c111c808dd2f82df7fb0dbb874823aea80bb1e24244249c0a5ebe722809	44916537b0f78501dbda5a3424b21eab584eb4a2
/Users/zacheryspector/studio-scratch/1370-c0-h-bridge-full-readback-runner-proposal-r4/SPEC.json	docs/engineering/playability-launch-review/evidence/p14b4-20260919/1370-stage/thirty-ninth-verification/1370-c0-h-bridge-full-readback-runner-proposal-r4/SPEC.json	17125	ce31357835802a711b346e72b2293ee6ded86d09ed3ffa4b9a046d838d50a2c0	87eeb4082543bd4be1cc1b558620a81dad7e01bd
/Users/zacheryspector/studio-scratch/1370-c0-h-bridge-full-readback-runner-proposal-r4/readback.py	docs/engineering/playability-launch-review/evidence/p14b4-20260919/1370-stage/thirty-ninth-verification/1370-c0-h-bridge-full-readback-runner-proposal-r4/readback.py	29025	c66b395388c5d49527d719d454bf870291d908c582e02609dd4ec0306548ad94	61bb0e4b82e689833119e121acd0501d78894cae
/Users/zacheryspector/studio-scratch/1370-c0-h-bridge-full-readback-runner-proposal-r4/selfcheck.py	docs/engineering/playability-launch-review/evidence/p14b4-20260919/1370-stage/thirty-ninth-verification/1370-c0-h-bridge-full-readback-runner-proposal-r4/selfcheck.py	7744	315b6ebc3b001895d53b5a1d9bc3ad4517df8a81b58adab5beb03891d73e2204	03e014bcfdffb7bea79d3f2c149937c084a8cf15
/Users/zacheryspector/studio-scratch/1370-c0-h-bridge-full-readback-runner-proposal-r5/BINDING-SOURCE.json	docs/engineering/playability-launch-review/evidence/p14b4-20260919/1370-stage/thirty-ninth-verification/1370-c0-h-bridge-full-readback-runner-proposal-r5/BINDING-SOURCE.json	2633	18873c96b70febbc26df377d96560359b620b450a3f7a4bc477a6d5bfe4c6151	88056220f22d28331a7dfb0709d936310e14044b
/Users/zacheryspector/studio-scratch/1370-c0-h-bridge-full-readback-runner-proposal-r5/BOOTSTRAP.py	docs/engineering/playability-launch-review/evidence/p14b4-20260919/1370-stage/thirty-ninth-verification/1370-c0-h-bridge-full-readback-runner-proposal-r5/BOOTSTRAP.py	3626	91bbefbc5a7820dfba13905f19b1702dc481879126414a333622d2a7a26d1d48	32b94d566f3957e74903647f78dedc5c5e375540
/Users/zacheryspector/studio-scratch/1370-c0-h-bridge-full-readback-runner-proposal-r5/EXACT-LAUNCH-TEMPLATE.command	docs/engineering/playability-launch-review/evidence/p14b4-20260919/1370-stage/thirty-ninth-verification/1370-c0-h-bridge-full-readback-runner-proposal-r5/EXACT-LAUNCH-TEMPLATE.command	392	5c91a0a33825811618324dbf9daeb08fa024a9540f8e4f2b0e65818ba35fef4b	8a072ca22e2ce728a0ee8168f45144733b1e2276
/Users/zacheryspector/studio-scratch/1370-c0-h-bridge-full-readback-runner-proposal-r5/HASH-DELTA.json	docs/engineering/playability-launch-review/evidence/p14b4-20260919/1370-stage/thirty-ninth-verification/1370-c0-h-bridge-full-readback-runner-proposal-r5/HASH-DELTA.json	2598	1c068735c3489f5468c4327c055e35664d1a14cd998f75fdd9e5ff08497e97dc	27d11df566879d9babdc932047e4cc4a56508b66
/Users/zacheryspector/studio-scratch/1370-c0-h-bridge-full-readback-runner-proposal-r5/MANIFEST.json	docs/engineering/playability-launch-review/evidence/p14b4-20260919/1370-stage/thirty-ninth-verification/1370-c0-h-bridge-full-readback-runner-proposal-r5/MANIFEST.json	2144	8846d8720f6b2e32574b2d9ced084c44b5455567db354650a1a147f7009ddd63	190b52882effc1c863eb0c2ebda4bff63bc9966a
/Users/zacheryspector/studio-scratch/1370-c0-h-bridge-full-readback-runner-proposal-r5/PLAN.md	docs/engineering/playability-launch-review/evidence/p14b4-20260919/1370-stage/thirty-ninth-verification/1370-c0-h-bridge-full-readback-runner-proposal-r5/PLAN.md	4835	e4f679c0d9575404f2467924d1ed1862ea214ce448ea1105726875bcf3d3ee2f	a8e7020147039d15e948b3b6dbb063df068a7f62
/Users/zacheryspector/studio-scratch/1370-c0-h-bridge-full-readback-runner-proposal-r5/RECORDER-DESIGN.md	docs/engineering/playability-launch-review/evidence/p14b4-20260919/1370-stage/thirty-ninth-verification/1370-c0-h-bridge-full-readback-runner-proposal-r5/RECORDER-DESIGN.md	1492	7f707b2dbfca04c32cd986120dbc2cabcac163d2728196ee7d41981a9f1a1152	e9b0e427341bb596ef0baead493d144aef7e3aad
/Users/zacheryspector/studio-scratch/1370-c0-h-bridge-full-readback-runner-proposal-r5/REVIEW-REQUEST.md	docs/engineering/playability-launch-review/evidence/p14b4-20260919/1370-stage/thirty-ninth-verification/1370-c0-h-bridge-full-readback-runner-proposal-r5/REVIEW-REQUEST.md	1064	ffc756dfd65970ef0678869a350e251551d03e68697db8a15ee16349080dda03	5d6734c7fd440da3c1a16ff1569782e8c70afde9
/Users/zacheryspector/studio-scratch/1370-c0-h-bridge-full-readback-runner-proposal-r5/SPEC.json	docs/engineering/playability-launch-review/evidence/p14b4-20260919/1370-stage/thirty-ninth-verification/1370-c0-h-bridge-full-readback-runner-proposal-r5/SPEC.json	17335	61377447a4ae70f49b090102ce85267a9487025f807c195252ef99f82ad64e07	26f043e6ef7c9a3dd90d3648d1f3dcc703adfef7
/Users/zacheryspector/studio-scratch/1370-c0-h-bridge-full-readback-runner-proposal-r5/readback.py	docs/engineering/playability-launch-review/evidence/p14b4-20260919/1370-stage/thirty-ninth-verification/1370-c0-h-bridge-full-readback-runner-proposal-r5/readback.py	30316	fd241c6d3de7ae9779c9f8f9b0d5efc41c8dfd1ae85c0066b91e270198ece40a	1345efa8fa37cb1b8f0a528607cd16062dcd84b1
/Users/zacheryspector/studio-scratch/1370-c0-h-bridge-full-readback-runner-proposal-r5/selfcheck.py	docs/engineering/playability-launch-review/evidence/p14b4-20260919/1370-stage/thirty-ninth-verification/1370-c0-h-bridge-full-readback-runner-proposal-r5/selfcheck.py	8762	8f36b450b0ff2de6803b109a300575fd66d6206444ba85de2cfe3622e3230287	75037920416421d71ba9eb8f520b96428b139daa
/Users/zacheryspector/studio-scratch/1370-c0-h-bridge-full-readback-runner-proposal-r6/BINDING-SOURCE.json	docs/engineering/playability-launch-review/evidence/p14b4-20260919/1370-stage/thirty-ninth-verification/1370-c0-h-bridge-full-readback-runner-proposal-r6/BINDING-SOURCE.json	2947	572c179b2d24081ed33022e142195037eca1588faff6fd3a2a3d7da5afb236ed	79aab91ce0192f5a14720b7177c772fe1c4ef479
/Users/zacheryspector/studio-scratch/1370-c0-h-bridge-full-readback-runner-proposal-r6/BOOTSTRAP.py	docs/engineering/playability-launch-review/evidence/p14b4-20260919/1370-stage/thirty-ninth-verification/1370-c0-h-bridge-full-readback-runner-proposal-r6/BOOTSTRAP.py	3626	b88fb1b9677cc3e821063ca5695c67cc5d9dd28efd405372cafcd32a353de99d	073fbd51e8c93d863c6f5fd8817fbb112f282596
/Users/zacheryspector/studio-scratch/1370-c0-h-bridge-full-readback-runner-proposal-r6/EXACT-LAUNCH-TEMPLATE.command	docs/engineering/playability-launch-review/evidence/p14b4-20260919/1370-stage/thirty-ninth-verification/1370-c0-h-bridge-full-readback-runner-proposal-r6/EXACT-LAUNCH-TEMPLATE.command	392	dcb827f5b88d6aa96a6781c952674a0c82199f52d553683cdf4901f5c06e704c	3e4ee6429ab735e92f5de0207afe512f17be2ad0
/Users/zacheryspector/studio-scratch/1370-c0-h-bridge-full-readback-runner-proposal-r6/MANIFEST.json	docs/engineering/playability-launch-review/evidence/p14b4-20260919/1370-stage/thirty-ninth-verification/1370-c0-h-bridge-full-readback-runner-proposal-r6/MANIFEST.json	1689	e70a1382c47019e70acac5739fbc33ca0da7c0961f70dda13cca9ba8ac31a11e	3249acda9125e455e439ef0ac52429c7ef4e76bf
/Users/zacheryspector/studio-scratch/1370-c0-h-bridge-full-readback-runner-proposal-r6/PLAN.md	docs/engineering/playability-launch-review/evidence/p14b4-20260919/1370-stage/thirty-ninth-verification/1370-c0-h-bridge-full-readback-runner-proposal-r6/PLAN.md	2686	c948731068db3b73122fe0a32db87b07c0dce58721949bafbe6cafe5f6217515	adabec191588f941eeb4f54582e26bc426bb54f6
/Users/zacheryspector/studio-scratch/1370-c0-h-bridge-full-readback-runner-proposal-r6/REVIEW-REQUEST.md	docs/engineering/playability-launch-review/evidence/p14b4-20260919/1370-stage/thirty-ninth-verification/1370-c0-h-bridge-full-readback-runner-proposal-r6/REVIEW-REQUEST.md	684	1568c82492c6ce12483d6b7afb60f7592bf2b4fd612a95ebbbbcf70676623bf1	c78e7f39be66fcdf60465aa49a14a5ef3b722424
/Users/zacheryspector/studio-scratch/1370-c0-h-bridge-full-readback-runner-proposal-r6/SPEC.json	docs/engineering/playability-launch-review/evidence/p14b4-20260919/1370-stage/thirty-ninth-verification/1370-c0-h-bridge-full-readback-runner-proposal-r6/SPEC.json	17740	24952774515fd0e36eb2d2895e3e1d6996371c93617995612e3db5c75ac3a5d5	2f44bbe768ede343c69354c0e20152a59e6029d6
/Users/zacheryspector/studio-scratch/1370-c0-h-bridge-full-readback-runner-proposal-r6/readback.py	docs/engineering/playability-launch-review/evidence/p14b4-20260919/1370-stage/thirty-ninth-verification/1370-c0-h-bridge-full-readback-runner-proposal-r6/readback.py	32277	6d2c51bc6a802e7e19e41849d27569e35bcfcee31dfc12480c0f6a22998314d1	a55c551ed54cd4bfe2e0caf6490ed42664b9dfff
/Users/zacheryspector/studio-scratch/1370-c0-h-bridge-full-readback-runner-proposal-r6/selfcheck.py	docs/engineering/playability-launch-review/evidence/p14b4-20260919/1370-stage/thirty-ninth-verification/1370-c0-h-bridge-full-readback-runner-proposal-r6/selfcheck.py	11909	b948d3f66d73fdf322331e6f6c4025ae86a37bdfdde549e95cabd5ea47516e98	76da08cffe2e694834489795ce4504fa80cb399c
/Users/zacheryspector/studio-scratch/1370-c0-h-mirror-post-r9-baseline-filled-exact-independent-review-r1/RECEIPT.json	docs/engineering/playability-launch-review/evidence/p14b4-20260919/1370-stage/thirty-ninth-verification/1370-c0-h-mirror-post-r9-baseline-filled-exact-independent-review-r1/RECEIPT.json	1287	9a0d471049a62bca4b89e39e8fdd52d09f77e474abbb8c4c54762a6a7742fa96	1c961799da4fd1bf5a35a5b06b8a0e196e5a3522
/Users/zacheryspector/studio-scratch/1370-c0-h-mirror-post-r9-baseline-filled-exact-independent-review-r1/REVIEW.md	docs/engineering/playability-launch-review/evidence/p14b4-20260919/1370-stage/thirty-ninth-verification/1370-c0-h-mirror-post-r9-baseline-filled-exact-independent-review-r1/REVIEW.md	672	7726d7b2cbda8c930b4c51566d0256c2f1b241c46075680b181aedd444adac05	5984365462ba70e07093b7cf9cf7962676ab47ce
/Users/zacheryspector/studio-scratch/1370-c0-h-mirror-post-r9-baseline-filled-exact-r1/BINDING.json	docs/engineering/playability-launch-review/evidence/p14b4-20260919/1370-stage/thirty-ninth-verification/1370-c0-h-mirror-post-r9-baseline-filled-exact-r1/BINDING.json	5626	e6251ff4e7fb93e8b01b3a3d73baafcdae605c3564d51f6410da7839b66c4500	22b973744f48f083199ecb99dc526d714510fae2
/Users/zacheryspector/studio-scratch/1370-c0-h-mirror-post-r9-baseline-filled-exact-r1/INVENTORY.json	docs/engineering/playability-launch-review/evidence/p14b4-20260919/1370-stage/thirty-ninth-verification/1370-c0-h-mirror-post-r9-baseline-filled-exact-r1/INVENTORY.json	403	742af34c24b835280e52f40d6d446bd678dfaf7a5eef16c7b1309109342652db	fed910bbe88aa5505501006152e0ed7ebcc59707
/Users/zacheryspector/studio-scratch/1370-c0-h-mirror-post-r9-baseline-filled-exact-r1/LAUNCH.command	docs/engineering/playability-launch-review/evidence/p14b4-20260919/1370-stage/thirty-ninth-verification/1370-c0-h-mirror-post-r9-baseline-filled-exact-r1/LAUNCH.command	3333	59d308668664236ab39c14289dbb35773f4931199836d34c51a987650b5f3fac	970ae42fbb7ba07283fbefb1f5fa1fbc06a1b296
/Users/zacheryspector/studio-scratch/1370-c0-h-mirror-post-r9-baseline-filled-exact-r1/PLAN.md	docs/engineering/playability-launch-review/evidence/p14b4-20260919/1370-stage/thirty-ninth-verification/1370-c0-h-mirror-post-r9-baseline-filled-exact-r1/PLAN.md	338	cf3654995460fd80464a60ec17a5f0a6e03b8c8ddfcab3f8c932fd6d6dcb0485	a6b56e0466e7ed24962a15383ab19cd0f6acfcb4
/Users/zacheryspector/studio-scratch/1370-c0-h-mirror-post-r9-baseline-filled-launch-independent-exact-review-r2/RECEIPT.json	docs/engineering/playability-launch-review/evidence/p14b4-20260919/1370-stage/thirty-ninth-verification/1370-c0-h-mirror-post-r9-baseline-filled-launch-independent-exact-review-r2/RECEIPT.json	2001	c8307e9a62953e8d1e7f683eb3914a832188b357c355968b2e3d7ddc1234a09d	6454196179732b5c51255999a0ecb849ac3f6a42
/Users/zacheryspector/studio-scratch/1370-c0-h-mirror-post-r9-baseline-filled-launch-independent-exact-review-r2/REVIEW.md	docs/engineering/playability-launch-review/evidence/p14b4-20260919/1370-stage/thirty-ninth-verification/1370-c0-h-mirror-post-r9-baseline-filled-launch-independent-exact-review-r2/REVIEW.md	1048	c8ed544ac7a235873b653a0c665a72087515c5723baede3a720f67423fdb62bf	07591f7d31c9e78d90c201d927ea59cf85537855
/Users/zacheryspector/studio-scratch/1370-c0-h-mirror-post-r9-baseline-filled-launch-r2/INVENTORY.json	docs/engineering/playability-launch-review/evidence/p14b4-20260919/1370-stage/thirty-ninth-verification/1370-c0-h-mirror-post-r9-baseline-filled-launch-r2/INVENTORY.json	622	41a20d6d74d08a507f5f5077e2a20a334cf384181850fce20fccab1aa8f520b8	c2d2b89885eaa3c504570271bce057088b3fbdde
/Users/zacheryspector/studio-scratch/1370-c0-h-mirror-post-r9-baseline-filled-launch-r2/LAUNCH.command	docs/engineering/playability-launch-review/evidence/p14b4-20260919/1370-stage/thirty-ninth-verification/1370-c0-h-mirror-post-r9-baseline-filled-launch-r2/LAUNCH.command	3338	e7933107dad41c7250fcb26b83d4e4ae8d7800b711ddfd47590bfc8a8e0774b8	689d3f1b82d8b82ea5e4100779214ce448991c1a
/Users/zacheryspector/studio-scratch/1370-c0-h-mirror-post-r9-baseline-filled-launch-r2/PLAN.md	docs/engineering/playability-launch-review/evidence/p14b4-20260919/1370-stage/thirty-ninth-verification/1370-c0-h-mirror-post-r9-baseline-filled-launch-r2/PLAN.md	595	a2b663b6298d90fe03a0cd1f4900541daae9fddda10075c22109efdfea2fdea2	e84c1beafdc4f802b10ea8a33cb82a22d1d60662
/Users/zacheryspector/studio-scratch/1370-c0-h-mirror-post-r9-baseline-independent-byte-audit-r1/BYTE-AUDIT.json	docs/engineering/playability-launch-review/evidence/p14b4-20260919/1370-stage/thirty-ninth-verification/1370-c0-h-mirror-post-r9-baseline-independent-byte-audit-r1/BYTE-AUDIT.json	755	60f5560c1d30575f9de972ae77d188f0a0d5bd139aaa9e903028b01b79abb987	885758dcf14093ee665aadbff25003bb47bd6f21
/Users/zacheryspector/studio-scratch/1370-c0-h-mirror-post-r9-baseline-independent-byte-audit-r1/audit.py	docs/engineering/playability-launch-review/evidence/p14b4-20260919/1370-stage/thirty-ninth-verification/1370-c0-h-mirror-post-r9-baseline-independent-byte-audit-r1/audit.py	6375	a7b964833f9d8eead1a3f7767772c574dfbe30b44393a47e03f400c006466df8	f5b8532cf22b2e64fdfd1d9ba69d66b1c91a6c6e
/Users/zacheryspector/studio-scratch/1370-c0-h-mirror-post-r9-baseline-independent-observed-review-r1/RECEIPT.json	docs/engineering/playability-launch-review/evidence/p14b4-20260919/1370-stage/thirty-ninth-verification/1370-c0-h-mirror-post-r9-baseline-independent-observed-review-r1/RECEIPT.json	3012	b0b58d06f21e81bfb6357e2295708e5fc11b5a2248f1c1cd5babf331689e8de3	2f10a30350dbd20fb384d2cf0cd538670ed4dcb0
/Users/zacheryspector/studio-scratch/1370-c0-h-mirror-post-r9-baseline-independent-observed-review-r1/REVIEW.md	docs/engineering/playability-launch-review/evidence/p14b4-20260919/1370-stage/thirty-ninth-verification/1370-c0-h-mirror-post-r9-baseline-independent-observed-review-r1/REVIEW.md	1281	e430abac39cd298337b32b0fc598aa6c9454ddbbeec356a70032cdb324f7f4c6	4907eb46ac28bd1c92b7d8d3b82500ecaa86584b
/Users/zacheryspector/studio-scratch/1370-c0-h-mirror-post-r9-baseline-independent-static-review-r1/RECEIPT.json	docs/engineering/playability-launch-review/evidence/p14b4-20260919/1370-stage/thirty-ninth-verification/1370-c0-h-mirror-post-r9-baseline-independent-static-review-r1/RECEIPT.json	661	7aae4ad9836dd1f98017a21eb9a3249ba16b71dbb043c0343255912a56002799	499fa3b548212395def5fb5ac17f3e1981d3e40b
/Users/zacheryspector/studio-scratch/1370-c0-h-mirror-post-r9-baseline-independent-static-review-r1/REVIEW.md	docs/engineering/playability-launch-review/evidence/p14b4-20260919/1370-stage/thirty-ninth-verification/1370-c0-h-mirror-post-r9-baseline-independent-static-review-r1/REVIEW.md	1166	2c1b0581e19e3039a81aeb8cee917dbe2e8eb8c88e98a8a7cd1b816247e2c9a9	7ef925a21627eb554c37cf1c319da098dde6b00c
/Users/zacheryspector/studio-scratch/1370-c0-h-mirror-post-r9-baseline-prewalk-audit-r1/RECEIPT.json	docs/engineering/playability-launch-review/evidence/p14b4-20260919/1370-stage/thirty-ninth-verification/1370-c0-h-mirror-post-r9-baseline-prewalk-audit-r1/RECEIPT.json	413	dbf4d52fbfca2a807919fe32ed5842251ed9a323b85ee04d1a6217c70bdee642	bef421c50ebb339a5d2574565f7b9638f4e48879
/Users/zacheryspector/studio-scratch/1370-c0-h-mirror-post-r9-baseline-prewalk-audit-r1/REPORT.md	docs/engineering/playability-launch-review/evidence/p14b4-20260919/1370-stage/thirty-ninth-verification/1370-c0-h-mirror-post-r9-baseline-prewalk-audit-r1/REPORT.md	608	6ed4fe9e9a13bffee1475d0474c3fe55c200b9aae1428eebdab9b8861c668a10	b9b3c7ebbce366e35f0745df63516220c04f3932
/Users/zacheryspector/studio-scratch/1370-c0-h-mirror-post-r9-baseline-proposal-r1/BINDING-UNFILLED.json	docs/engineering/playability-launch-review/evidence/p14b4-20260919/1370-stage/thirty-ninth-verification/1370-c0-h-mirror-post-r9-baseline-proposal-r1/BINDING-UNFILLED.json	531	ba75c2c93af483556501ce53228fe13c5d92aa28e928c82c7ddb53da3be0082e	217d8a9ca1291617a92571fd96815f0273f1218e
/Users/zacheryspector/studio-scratch/1370-c0-h-mirror-post-r9-baseline-proposal-r1/MANIFEST.json	docs/engineering/playability-launch-review/evidence/p14b4-20260919/1370-stage/thirty-ninth-verification/1370-c0-h-mirror-post-r9-baseline-proposal-r1/MANIFEST.json	1402	950a8642374867c39fbf876125d211009910a3414676153ec0e915c423459229	17322ba595b1ea826baacf905b12cb9612a5ee95
/Users/zacheryspector/studio-scratch/1370-c0-h-mirror-post-r9-baseline-proposal-r1/PLAN.md	docs/engineering/playability-launch-review/evidence/p14b4-20260919/1370-stage/thirty-ninth-verification/1370-c0-h-mirror-post-r9-baseline-proposal-r1/PLAN.md	1295	2b18cda05c4432cbee3fd6c33068593a0ab9344c1da49e4ec2a95a3d46ba9bb0	a01c845811325452a550a79a1cf8664df6d1c9b1
/Users/zacheryspector/studio-scratch/1370-c0-h-mirror-post-r9-baseline-proposal-r1/REVIEW-REQUEST.md	docs/engineering/playability-launch-review/evidence/p14b4-20260919/1370-stage/thirty-ninth-verification/1370-c0-h-mirror-post-r9-baseline-proposal-r1/REVIEW-REQUEST.md	664	c28339e784b170a97b0b1e143c39d5acf623e2f297ac693999b78d63a6976009	a7609feffe1264695fed84d9b8ce79882cc799c8
/Users/zacheryspector/studio-scratch/1370-c0-h-mirror-post-r9-baseline-proposal-r1/SPEC.json	docs/engineering/playability-launch-review/evidence/p14b4-20260919/1370-stage/thirty-ninth-verification/1370-c0-h-mirror-post-r9-baseline-proposal-r1/SPEC.json	18828	5ddc71dcb0dadeba2cc2658f2b1f505df03d7bf305df3ddb3430953392ce88bf	c9488395e2e414d58e54539f5c85dc2d13f6b682
/Users/zacheryspector/studio-scratch/1370-c0-h-mirror-post-r9-baseline-proposal-r1/baseline.py	docs/engineering/playability-launch-review/evidence/p14b4-20260919/1370-stage/thirty-ninth-verification/1370-c0-h-mirror-post-r9-baseline-proposal-r1/baseline.py	34253	7c65072c7a7f6b88eb668cc70efed3a7b7b1d28e6f60806d63b8e0543f0f8d36	c6fb2e5f8b234520ba065691ea78dc8fad86f792
/Users/zacheryspector/studio-scratch/1370-c0-h-mirror-post-r9-baseline-proposal-r1/selfcheck.py	docs/engineering/playability-launch-review/evidence/p14b4-20260919/1370-stage/thirty-ninth-verification/1370-c0-h-mirror-post-r9-baseline-proposal-r1/selfcheck.py	3050	1e8b347abae8dc3f2a638ced87eb138b24acf97f34b8643ecd89fc2c012ec9b8	ad174990885b3a3c2d7af8f2690f3aa2d0c622d6
/Users/zacheryspector/studio-scratch/1370-c0-h-mirror-post-r9-baseline-recorded-r1/BASELINE.json	docs/engineering/playability-launch-review/evidence/p14b4-20260919/1370-stage/thirty-ninth-verification/1370-c0-h-mirror-post-r9-baseline-recorded-r1/BASELINE.json	1878	f132e25fabc3fa654e85c3dcbe3616d10337b66fd9307b2e34b131bf9615d605	4d97c19888f127e657385194affa72b91616a225
/Users/zacheryspector/studio-scratch/1370-c0-h-mirror-post-r9-baseline-recorder-independent-static-review-r1/RECEIPT.json	docs/engineering/playability-launch-review/evidence/p14b4-20260919/1370-stage/thirty-ninth-verification/1370-c0-h-mirror-post-r9-baseline-recorder-independent-static-review-r1/RECEIPT.json	1301	4001e03fbdd218878ef71014551ca49f6dc0bf397a91bd3f486ed7154ccb2746	cb133ff26607db6e223b378997bfa489bb7b4876
/Users/zacheryspector/studio-scratch/1370-c0-h-mirror-post-r9-baseline-recorder-independent-static-review-r1/REVIEW.md	docs/engineering/playability-launch-review/evidence/p14b4-20260919/1370-stage/thirty-ninth-verification/1370-c0-h-mirror-post-r9-baseline-recorder-independent-static-review-r1/REVIEW.md	816	28375b21e3bcc784b16f2617971229ce82d7343b23a822222435c660c5e858b7	9ad16d891c5577c4a39234a928aa8b10f91c9004
/Users/zacheryspector/studio-scratch/1370-c0-h-mirror-post-r9-baseline-recorder-proposal-r1/BOOTSTRAP.py	docs/engineering/playability-launch-review/evidence/p14b4-20260919/1370-stage/thirty-ninth-verification/1370-c0-h-mirror-post-r9-baseline-recorder-proposal-r1/BOOTSTRAP.py	3707	7e5403d0f489eb15b5e128e8745e85c04405cf57c497e2ceae393d60d2e425ef	e5d1826f5aa5365ef09c0309bf5682cd33355125
/Users/zacheryspector/studio-scratch/1370-c0-h-mirror-post-r9-baseline-recorder-proposal-r1/INVENTORY.json	docs/engineering/playability-launch-review/evidence/p14b4-20260919/1370-stage/thirty-ninth-verification/1370-c0-h-mirror-post-r9-baseline-recorder-proposal-r1/INVENTORY.json	983	8b498b517d3cd950613dde232f7b4291c4a9037346b8d126951754e5422939a4	1866ab2c35b0536f3261ddace60969eeb64591e0
/Users/zacheryspector/studio-scratch/1370-c0-h-mirror-post-r9-baseline-recorder-proposal-r1/LAUNCH.template.command	docs/engineering/playability-launch-review/evidence/p14b4-20260919/1370-stage/thirty-ninth-verification/1370-c0-h-mirror-post-r9-baseline-recorder-proposal-r1/LAUNCH.template.command	3231	0ea9144083962830f9d6ece0d95e30e7ca873213bbf6d4afa46ffac2a431ceca	963eba59aafeba5887d091c1a286a2b85c6fddc8
/Users/zacheryspector/studio-scratch/1370-c0-h-mirror-post-r9-baseline-recorder-proposal-r1/PLAN.md	docs/engineering/playability-launch-review/evidence/p14b4-20260919/1370-stage/thirty-ninth-verification/1370-c0-h-mirror-post-r9-baseline-recorder-proposal-r1/PLAN.md	584	e006efcb6d74c66944dc214c7d94dfd1f16b2d3ee3cf2c34fd00528914f62d0e	06adcf91c4157f110eeac24796341c92a6fa68e7
/Users/zacheryspector/studio-scratch/1370-c0-h-mirror-post-r9-baseline-recorder-proposal-r1/selfcheck.py	docs/engineering/playability-launch-review/evidence/p14b4-20260919/1370-stage/thirty-ninth-verification/1370-c0-h-mirror-post-r9-baseline-recorder-proposal-r1/selfcheck.py	3662	6584e38c41e4e7170cdd951adfdd4f8fecce609a371487e2703387477aa7ee84	3a29740090c0874fc39e748d417b138ea8eece6f
/Users/zacheryspector/studio-scratch/1370-c0-h-mirror-post-r9-baseline-recorder-proposal-r1/supervise.py	docs/engineering/playability-launch-review/evidence/p14b4-20260919/1370-stage/thirty-ninth-verification/1370-c0-h-mirror-post-r9-baseline-recorder-proposal-r1/supervise.py	11999	d4730ffc9955a57e1799503c543a9c650295bba5b66f2f73b941c1e4040fa801	5029fdcc01ec3a7ca1aa9f44704eb04c00a3d4cc
/Users/zacheryspector/studio-scratch/1370-c0-h-mirror-post-r9-baseline-recorder-results-r1/20261008-h-mirror-post-r9-baseline-r1.RECORDER-RESULT.json	docs/engineering/playability-launch-review/evidence/p14b4-20260919/1370-stage/thirty-ninth-verification/1370-c0-h-mirror-post-r9-baseline-recorder-results-r1/20261008-h-mirror-post-r9-baseline-r1.RECORDER-RESULT.json	858	19ad27f09ea9cce21a219a3a3ce8689cf8d40b569e10e13ca2dfd3cf0bdc986e	e3585bf648669aeeb2c494a7d3423bf35b35b45c
/Users/zacheryspector/studio-scratch/1370-c0-h-typecheck-collection-filled-exact-independent-review-r9/RECEIPT.json	docs/engineering/playability-launch-review/evidence/p14b4-20260919/1370-stage/thirty-ninth-verification/1370-c0-h-typecheck-collection-filled-exact-independent-review-r9/RECEIPT.json	1991	3592cd000506ce6f87c1e5a57a95f44c836734a33f33c2db7fabed0d2f8d7b5f	504066f5911823478cc2d0a464b84f34c9a52cc8
/Users/zacheryspector/studio-scratch/1370-c0-h-typecheck-collection-filled-exact-independent-review-r9/REVIEW.md	docs/engineering/playability-launch-review/evidence/p14b4-20260919/1370-stage/thirty-ninth-verification/1370-c0-h-typecheck-collection-filled-exact-independent-review-r9/REVIEW.md	1112	3ffdba60d1302b1b192668471b06c0c82dfac6c966cd5ad312101a3eaea952f0	83a4633f02742e527ec8219135574c42e7e43d07
/Users/zacheryspector/studio-scratch/1370-c0-h-typecheck-collection-filled-exact-r9/BINDING.json	docs/engineering/playability-launch-review/evidence/p14b4-20260919/1370-stage/thirty-ninth-verification/1370-c0-h-typecheck-collection-filled-exact-r9/BINDING.json	6194	57055e368a0f6eeb2f7664c3209d12476ed709fbd05a17a26a918dc6237a1472	fe54536879c5b08f110ea2eca69b6e2e9f7059ee
/Users/zacheryspector/studio-scratch/1370-c0-h-typecheck-collection-filled-exact-r9/INVENTORY.json	docs/engineering/playability-launch-review/evidence/p14b4-20260919/1370-stage/thirty-ninth-verification/1370-c0-h-typecheck-collection-filled-exact-r9/INVENTORY.json	400	1e07a9db83b3b02547465e6030c6a020eaa51fc821db81a31946ab99e40cf014	f9d6a58b25175e33709e23bc592623bef6a3fd7b
/Users/zacheryspector/studio-scratch/1370-c0-h-typecheck-collection-filled-exact-r9/LAUNCH.command	docs/engineering/playability-launch-review/evidence/p14b4-20260919/1370-stage/thirty-ninth-verification/1370-c0-h-typecheck-collection-filled-exact-r9/LAUNCH.command	3335	929db8bdd89716be96fa0f3e66409eae1e171167fe8b7dbf0bd8d82d8fcb6612	ac67415ffcf5c4ffe4da5fb54f8e6855c996706c
/Users/zacheryspector/studio-scratch/1370-c0-h-typecheck-collection-filled-exact-r9/PLAN.md	docs/engineering/playability-launch-review/evidence/p14b4-20260919/1370-stage/thirty-ninth-verification/1370-c0-h-typecheck-collection-filled-exact-r9/PLAN.md	447	8f336f16d3930392ca97b0ef0e95381a90ec78b11c76053029c0bd8bd2e09ae2	1f05e3b8eb9bc568b25be146f4aa7c556b9ab41d
/Users/zacheryspector/studio-scratch/1370-c0-h-typecheck-collection-filled-launch-20261008-r1/BINDING.json	docs/engineering/playability-launch-review/evidence/p14b4-20260919/1370-stage/thirty-ninth-verification/1370-c0-h-typecheck-collection-filled-launch-20261008-r1/BINDING.json	2854	f0c2aeae1d0c9ae0aa2b23ad38c452414eabed0f9a1bf9ff2cb18cec2c7e4546	1fd09b91adefd4420d4e4ac441235c73fabf8e0f
/Users/zacheryspector/studio-scratch/1370-c0-h-typecheck-collection-filled-launch-20261008-r1/INVENTORY.json	docs/engineering/playability-launch-review/evidence/p14b4-20260919/1370-stage/thirty-ninth-verification/1370-c0-h-typecheck-collection-filled-launch-20261008-r1/INVENTORY.json	902	1c414ba92ff578a3517a4e9c2c250308bf2eaaccfcf1681801fa3d6d43c02a22	963cfd2ee1b91806a688f0d2b5224895c3d3df6e
/Users/zacheryspector/studio-scratch/1370-c0-h-typecheck-collection-filled-launch-20261008-r1/LAUNCH.command	docs/engineering/playability-launch-review/evidence/p14b4-20260919/1370-stage/thirty-ninth-verification/1370-c0-h-typecheck-collection-filled-launch-20261008-r1/LAUNCH.command	3844	0979e1b59b40937cccb1fc5d176282fa8de4f533a0adf7a492d833b078293a68	8d134e12260e281634da772183fc488455f601d3
/Users/zacheryspector/studio-scratch/1370-c0-h-typecheck-collection-filled-launch-20261008-r1/PLAN.md	docs/engineering/playability-launch-review/evidence/p14b4-20260919/1370-stage/thirty-ninth-verification/1370-c0-h-typecheck-collection-filled-launch-20261008-r1/PLAN.md	2686	fabf3af60d21b95f72b2520966ce0665c48d13a1f552c38e151b2bea1e993e1c	32db67007e0f9e14e44b2f4c08ef9b569d8c5b95
/Users/zacheryspector/studio-scratch/1370-c0-h-typecheck-collection-filled-launch-20261008-r1/selfcheck.py	docs/engineering/playability-launch-review/evidence/p14b4-20260919/1370-stage/thirty-ninth-verification/1370-c0-h-typecheck-collection-filled-launch-20261008-r1/selfcheck.py	2205	682aadaba980ddb878f26f91be20a47761c2193c387a580336fa61777c4b1bdc	3d03f24227e187ec8b98dd4b897a733b23d20c47
/Users/zacheryspector/studio-scratch/1370-c0-h-typecheck-collection-filled-launch-20261008-r2/BINDING.json	docs/engineering/playability-launch-review/evidence/p14b4-20260919/1370-stage/thirty-ninth-verification/1370-c0-h-typecheck-collection-filled-launch-20261008-r2/BINDING.json	3169	b7cc5620534abd4d7fb12abf9fe111d747334623aa3f114b572583b0f543d662	9b5ec6a59e39e0a6d90a70d22061be4073d10025
/Users/zacheryspector/studio-scratch/1370-c0-h-typecheck-collection-filled-launch-20261008-r2/INVENTORY.json	docs/engineering/playability-launch-review/evidence/p14b4-20260919/1370-stage/thirty-ninth-verification/1370-c0-h-typecheck-collection-filled-launch-20261008-r2/INVENTORY.json	1144	48c102c19235498892972760d8b34b36a8f75851b14a1d261e915459fc23ae41	21ceedb19388d58e1752555c2d93509bb36a5095
/Users/zacheryspector/studio-scratch/1370-c0-h-typecheck-collection-filled-launch-20261008-r2/LAUNCH.command	docs/engineering/playability-launch-review/evidence/p14b4-20260919/1370-stage/thirty-ninth-verification/1370-c0-h-typecheck-collection-filled-launch-20261008-r2/LAUNCH.command	4084	2e33e3b99eb9bb85347b7cf888920bf4d54496f0c19e158a20f6c3849e0543bc	ce63112c5a0437611b9fd739cb00fd7c691289e4
/Users/zacheryspector/studio-scratch/1370-c0-h-typecheck-collection-filled-launch-20261008-r2/PLAN.md	docs/engineering/playability-launch-review/evidence/p14b4-20260919/1370-stage/thirty-ninth-verification/1370-c0-h-typecheck-collection-filled-launch-20261008-r2/PLAN.md	2529	97d8ceaec8dd6941be398dd02fd06d12a8c795dfb87f34883045dba473c8916e	0a3b122d663325d7b98dd9ab070233c626050f8b
/Users/zacheryspector/studio-scratch/1370-c0-h-typecheck-collection-filled-launch-20261008-r2/selfcheck.py	docs/engineering/playability-launch-review/evidence/p14b4-20260919/1370-stage/thirty-ninth-verification/1370-c0-h-typecheck-collection-filled-launch-20261008-r2/selfcheck.py	2421	cafb5ba9432900813d9bb8b4b9c3deffeaf8b5a6167684b828c73e9f698d89e5	5fe6d7594888bb8cee288b07e527ad91ffc8af38
/Users/zacheryspector/studio-scratch/1370-c0-h-typecheck-collection-filled-launch-independent-exact-review-r1/RECEIPT.json	docs/engineering/playability-launch-review/evidence/p14b4-20260919/1370-stage/thirty-ninth-verification/1370-c0-h-typecheck-collection-filled-launch-independent-exact-review-r1/RECEIPT.json	896	7bdb89146d5869dffd4121470f61f32bae9020674c743dd491475753333dc7a4	706cf702d2b657208ab710cf943125a2b81f75e3
/Users/zacheryspector/studio-scratch/1370-c0-h-typecheck-collection-filled-launch-independent-exact-review-r1/REPORT.md	docs/engineering/playability-launch-review/evidence/p14b4-20260919/1370-stage/thirty-ninth-verification/1370-c0-h-typecheck-collection-filled-launch-independent-exact-review-r1/REPORT.md	1482	27cb476f56d55a9683cad5567865fa38faa3bc239048e01172151ad7c80a19f1	332514e127fba69f9e32deb5050ed3f86a648dcd
/Users/zacheryspector/studio-scratch/1370-c0-h-typecheck-collection-filled-launch-independent-exact-review-r2/RECEIPT.json	docs/engineering/playability-launch-review/evidence/p14b4-20260919/1370-stage/thirty-ninth-verification/1370-c0-h-typecheck-collection-filled-launch-independent-exact-review-r2/RECEIPT.json	1150	497d650e393188b8c010435210410c5e190d0d042b77291d299f6e324b1e3956	bb6a098c7b46de31ca4aedde62828e835b35fc22
/Users/zacheryspector/studio-scratch/1370-c0-h-typecheck-collection-filled-launch-independent-exact-review-r2/REPORT.md	docs/engineering/playability-launch-review/evidence/p14b4-20260919/1370-stage/thirty-ninth-verification/1370-c0-h-typecheck-collection-filled-launch-independent-exact-review-r2/REPORT.md	1118	00d212981cb26ba0c7f1490d6a5b73fe560b56c985ae4a6fe0d1ad395e3fe34a	dc9a5b540f94207025a46b55ab4d0194e3172e8d
/Users/zacheryspector/studio-scratch/1370-c0-h-typecheck-collection-independent-observed-stop-review-r9/RECEIPT.json	docs/engineering/playability-launch-review/evidence/p14b4-20260919/1370-stage/thirty-ninth-verification/1370-c0-h-typecheck-collection-independent-observed-stop-review-r9/RECEIPT.json	3647	4cffcd747b9b538631314997134561de143f4a7f0d45aaf0c577a893b4558db4	e1e1d38efb622e5fa47128fb2396d9b86c1a10f7
/Users/zacheryspector/studio-scratch/1370-c0-h-typecheck-collection-independent-observed-stop-review-r9/REVIEW.md	docs/engineering/playability-launch-review/evidence/p14b4-20260919/1370-stage/thirty-ninth-verification/1370-c0-h-typecheck-collection-independent-observed-stop-review-r9/REVIEW.md	1488	e9e017d808de37ed6338cfad6df435f1341bbb191afebfd145aa8c3a833b2f02	7c4b5866ed7290ebc8b1f370c2372734b8905fc8
/Users/zacheryspector/studio-scratch/1370-c0-h-typecheck-collection-prewalk-audit-r9/RECEIPT.json	docs/engineering/playability-launch-review/evidence/p14b4-20260919/1370-stage/thirty-ninth-verification/1370-c0-h-typecheck-collection-prewalk-audit-r9/RECEIPT.json	432	5d7778366fff690dc2384e4630840de6e9479cae0935fb4558cd20442749d63b	cc67d04f9bfbc8e83731c8a42fb01dafc224a800
/Users/zacheryspector/studio-scratch/1370-c0-h-typecheck-collection-prewalk-audit-r9/REPORT.md	docs/engineering/playability-launch-review/evidence/p14b4-20260919/1370-stage/thirty-ninth-verification/1370-c0-h-typecheck-collection-prewalk-audit-r9/REPORT.md	790	cdaecc874c22c6e0190c3124a07cc6dd00b9f0dd26a23602c228a1de347cb471	bbfbe94e754be2e5ec3fa7c6f9228d8b80d853ab
/Users/zacheryspector/studio-scratch/1370-c0-h-typecheck-collection-r8-route-plan-r1/PLAN.md	docs/engineering/playability-launch-review/evidence/p14b4-20260919/1370-stage/thirty-ninth-verification/1370-c0-h-typecheck-collection-r8-route-plan-r1/PLAN.md	5611	820da3b8ec79bad581e58717d23e534d5b06d30ca2cc4344b710a4ece34c1324	bf457ce4e74a222c9a23295c6c4c93e18d1f0b9d
/Users/zacheryspector/studio-scratch/1370-c0-h-typecheck-collection-r8-route-plan-r1/RECEIPT.json	docs/engineering/playability-launch-review/evidence/p14b4-20260919/1370-stage/thirty-ninth-verification/1370-c0-h-typecheck-collection-r8-route-plan-r1/RECEIPT.json	783	9bc05ac210ade8a6e2ab19e1e431c132266b4a6931551abe78e6f179e4f122d5	1b02e7887e3f9ba82cf8c46f648dab418dfcfd00
/Users/zacheryspector/studio-scratch/1370-c0-h-typecheck-collection-recorder-independent-static-review-r1/RECEIPT.json	docs/engineering/playability-launch-review/evidence/p14b4-20260919/1370-stage/thirty-ninth-verification/1370-c0-h-typecheck-collection-recorder-independent-static-review-r1/RECEIPT.json	1267	d30a1b5dadad5f83ca1606c2f272eb6e590a736ab2d713ffe5e6af982d0a225d	6d05cf006848c4fe5adf8f2de8f8c06e6a2c8215
/Users/zacheryspector/studio-scratch/1370-c0-h-typecheck-collection-recorder-independent-static-review-r1/REVIEW.md	docs/engineering/playability-launch-review/evidence/p14b4-20260919/1370-stage/thirty-ninth-verification/1370-c0-h-typecheck-collection-recorder-independent-static-review-r1/REVIEW.md	981	c3667d4adefb9392b9c8476982bcd046fcebcbcdd950159e0402b4a33a6b76c1	36d66473893464c8143a3bfb445d2fbc43b1bb3e
/Users/zacheryspector/studio-scratch/1370-c0-h-typecheck-collection-recorder-proposal-r1/BOOTSTRAP.py	docs/engineering/playability-launch-review/evidence/p14b4-20260919/1370-stage/thirty-ninth-verification/1370-c0-h-typecheck-collection-recorder-proposal-r1/BOOTSTRAP.py	3416	b2c440c1ab34d1c9defc51276eeb2e791d9920142b8d76e62588ac68134f6d2d	a4039815649ba1edfb7b3190adfcd9b82afb1a9e
/Users/zacheryspector/studio-scratch/1370-c0-h-typecheck-collection-recorder-proposal-r1/INVENTORY.json	docs/engineering/playability-launch-review/evidence/p14b4-20260919/1370-stage/thirty-ninth-verification/1370-c0-h-typecheck-collection-recorder-proposal-r1/INVENTORY.json	974	9263faab5858a938eb7841e1c2f4d20e46a4082d51c23ee9e7746cc9a0727022	21b9378e48212e46b092b71f88f15300bbd6a1b9
/Users/zacheryspector/studio-scratch/1370-c0-h-typecheck-collection-recorder-proposal-r1/LAUNCH.template.command	docs/engineering/playability-launch-review/evidence/p14b4-20260919/1370-stage/thirty-ninth-verification/1370-c0-h-typecheck-collection-recorder-proposal-r1/LAUNCH.template.command	3235	3fdecc338d21f17d4644cc3d92926ab8ec325a9090a6c3cea8e79e38535bbe69	e4e6c3f3043c4f8b5964bebda36ac8118941031a
/Users/zacheryspector/studio-scratch/1370-c0-h-typecheck-collection-recorder-proposal-r1/PLAN.md	docs/engineering/playability-launch-review/evidence/p14b4-20260919/1370-stage/thirty-ninth-verification/1370-c0-h-typecheck-collection-recorder-proposal-r1/PLAN.md	705	b0428d4ebecd17ef8117c5ff0655616af7b4c26f8ede1dbc66e2149c07e0cb97	5fc58fc6a4fbb76ae6c4af1703cb0ebf48c7be4b
/Users/zacheryspector/studio-scratch/1370-c0-h-typecheck-collection-recorder-proposal-r1/selfcheck.py	docs/engineering/playability-launch-review/evidence/p14b4-20260919/1370-stage/thirty-ninth-verification/1370-c0-h-typecheck-collection-recorder-proposal-r1/selfcheck.py	3647	b0c680fd30fded29b61021e7fe5ac89781a386c1da922a86c7104dd7cded83af	a1e10a104ef3399312252567e1a6c7b7af4a38c1
/Users/zacheryspector/studio-scratch/1370-c0-h-typecheck-collection-recorder-proposal-r1/supervise.py	docs/engineering/playability-launch-review/evidence/p14b4-20260919/1370-stage/thirty-ninth-verification/1370-c0-h-typecheck-collection-recorder-proposal-r1/supervise.py	12002	397f5389e33d8564653aaac9b8e619db030dc4c612139817ec4940a862d3c59a	03c16e9f7279aac3d683ae42725ae0f2ab5a1840
/Users/zacheryspector/studio-scratch/1370-c0-h-typecheck-collection-recorder-results-r1/20261008-h-types-r7.RECORDER-RESULT.json	docs/engineering/playability-launch-review/evidence/p14b4-20260919/1370-stage/thirty-ninth-verification/1370-c0-h-typecheck-collection-recorder-results-r1/20261008-h-types-r7.RECORDER-RESULT.json	836	f777c3abe1b7f470da491f48deaf941205e3a5ae93742758b95d6bd2c7834bd4	ad849b7d2181431d0e520a0b4770ec54cde95d11
/Users/zacheryspector/studio-scratch/1370-c0-h-typecheck-collection-results-r5/20261008-h-types-r3.RECORDER.json	docs/engineering/playability-launch-review/evidence/p14b4-20260919/1370-stage/thirty-ninth-verification/1370-c0-h-typecheck-collection-results-r5/20261008-h-types-r3.RECORDER.json	2023	e543f91190ca8384a1a5a9ce118200536ab43bd3e85468f8db01d900d768758b	7dafd0ef8419a61eec20eb0d663d3ee9e51cb2bd
/Users/zacheryspector/studio-scratch/1370-c0-h-typecheck-collection-results-r5/20261008-h-types-r3/RESULT.json	docs/engineering/playability-launch-review/evidence/p14b4-20260919/1370-stage/thirty-ninth-verification/1370-c0-h-typecheck-collection-results-r5/20261008-h-types-r3/RESULT.json	2748	3eb6294278eda61893738cdc1ee5b6a80c44ced5a3cd9fd7197511bbb6198216	56ed00b7b1190454e513a0cd9742e2bbcbb89a42
/Users/zacheryspector/studio-scratch/1370-c0-h-typecheck-collection-results-r5/20261008-h-types-r3/dependency-versions.stderr	docs/engineering/playability-launch-review/evidence/p14b4-20260919/1370-stage/thirty-ninth-verification/1370-c0-h-typecheck-collection-results-r5/20261008-h-types-r3/dependency-versions.stderr	0	e3b0c44298fc1c149afbf4c8996fb92427ae41e4649b934ca495991b7852b855	e69de29bb2d1d6434b8b29ae775ad8c2e48c5391
/Users/zacheryspector/studio-scratch/1370-c0-h-typecheck-collection-results-r5/20261008-h-types-r3/dependency-versions.stdout	docs/engineering/playability-launch-review/evidence/p14b4-20260919/1370-stage/thirty-ninth-verification/1370-c0-h-typecheck-collection-results-r5/20261008-h-types-r3/dependency-versions.stdout	1038	57ffd6f3cf26f598b7740e928201b00602b1f0fa44f458fb9957fa82aa715071	1f231314747cee4532a1bf378a9dbae0b3828314
/Users/zacheryspector/studio-scratch/1370-c0-h-typecheck-collection-results-r5/20261008-h-types-r3/root-tsc.stderr	docs/engineering/playability-launch-review/evidence/p14b4-20260919/1370-stage/thirty-ninth-verification/1370-c0-h-typecheck-collection-results-r5/20261008-h-types-r3/root-tsc.stderr	0	e3b0c44298fc1c149afbf4c8996fb92427ae41e4649b934ca495991b7852b855	e69de29bb2d1d6434b8b29ae775ad8c2e48c5391
/Users/zacheryspector/studio-scratch/1370-c0-h-typecheck-collection-results-r5/20261008-h-types-r3/root-tsc.stdout	docs/engineering/playability-launch-review/evidence/p14b4-20260919/1370-stage/thirty-ninth-verification/1370-c0-h-typecheck-collection-results-r5/20261008-h-types-r3/root-tsc.stdout	0	e3b0c44298fc1c149afbf4c8996fb92427ae41e4649b934ca495991b7852b855	e69de29bb2d1d6434b8b29ae775ad8c2e48c5391
/Users/zacheryspector/studio-scratch/1370-c0-h-typecheck-collection-results-r5/20261008-h-types-r3/ui-tsc.stderr	docs/engineering/playability-launch-review/evidence/p14b4-20260919/1370-stage/thirty-ninth-verification/1370-c0-h-typecheck-collection-results-r5/20261008-h-types-r3/ui-tsc.stderr	0	e3b0c44298fc1c149afbf4c8996fb92427ae41e4649b934ca495991b7852b855	e69de29bb2d1d6434b8b29ae775ad8c2e48c5391
/Users/zacheryspector/studio-scratch/1370-c0-h-typecheck-collection-results-r5/20261008-h-types-r3/ui-tsc.stdout	docs/engineering/playability-launch-review/evidence/p14b4-20260919/1370-stage/thirty-ninth-verification/1370-c0-h-typecheck-collection-results-r5/20261008-h-types-r3/ui-tsc.stdout	164	aeb7ce8a18e85e2c97b2eb4d02cdeb7cd5e19c70d1f3f11ecc2fd63001e90700	cb042a03690b65f3ceb882ce5a5bd18e74215dbd
/Users/zacheryspector/studio-scratch/1370-c0-h-typecheck-collection-results-r9/20261008-h-types-r7/RESULT.json	docs/engineering/playability-launch-review/evidence/p14b4-20260919/1370-stage/thirty-ninth-verification/1370-c0-h-typecheck-collection-results-r9/20261008-h-types-r7/RESULT.json	4875	02cabccb0dcf7c3dea903690f7311eb23dda80790a9ab2b363eda1ab76075b90	15645b26a3cdf1f45d55a7381a186be162b641fb
/Users/zacheryspector/studio-scratch/1370-c0-h-typecheck-collection-results-r9/20261008-h-types-r7/dependency-versions.stderr	docs/engineering/playability-launch-review/evidence/p14b4-20260919/1370-stage/thirty-ninth-verification/1370-c0-h-typecheck-collection-results-r9/20261008-h-types-r7/dependency-versions.stderr	0	e3b0c44298fc1c149afbf4c8996fb92427ae41e4649b934ca495991b7852b855	e69de29bb2d1d6434b8b29ae775ad8c2e48c5391
/Users/zacheryspector/studio-scratch/1370-c0-h-typecheck-collection-results-r9/20261008-h-types-r7/dependency-versions.stdout	docs/engineering/playability-launch-review/evidence/p14b4-20260919/1370-stage/thirty-ninth-verification/1370-c0-h-typecheck-collection-results-r9/20261008-h-types-r7/dependency-versions.stdout	1038	57ffd6f3cf26f598b7740e928201b00602b1f0fa44f458fb9957fa82aa715071	1f231314747cee4532a1bf378a9dbae0b3828314
/Users/zacheryspector/studio-scratch/1370-c0-h-typecheck-collection-results-r9/20261008-h-types-r7/diagnostic-collection.stderr	docs/engineering/playability-launch-review/evidence/p14b4-20260919/1370-stage/thirty-ninth-verification/1370-c0-h-typecheck-collection-results-r9/20261008-h-types-r7/diagnostic-collection.stderr	407	926b37d1ed5a1eb948598267f5a52f069234a13352a714dc7af17b4a918ee870	d543a81e5321a63cb9627e1a9d2417858aa0e094
/Users/zacheryspector/studio-scratch/1370-c0-h-typecheck-collection-results-r9/20261008-h-types-r7/diagnostic-collection.stdout	docs/engineering/playability-launch-review/evidence/p14b4-20260919/1370-stage/thirty-ninth-verification/1370-c0-h-typecheck-collection-results-r9/20261008-h-types-r7/diagnostic-collection.stdout	0	e3b0c44298fc1c149afbf4c8996fb92427ae41e4649b934ca495991b7852b855	e69de29bb2d1d6434b8b29ae775ad8c2e48c5391
/Users/zacheryspector/studio-scratch/1370-c0-h-typecheck-collection-results-r9/20261008-h-types-r7/root-tsc.stderr	docs/engineering/playability-launch-review/evidence/p14b4-20260919/1370-stage/thirty-ninth-verification/1370-c0-h-typecheck-collection-results-r9/20261008-h-types-r7/root-tsc.stderr	0	e3b0c44298fc1c149afbf4c8996fb92427ae41e4649b934ca495991b7852b855	e69de29bb2d1d6434b8b29ae775ad8c2e48c5391
/Users/zacheryspector/studio-scratch/1370-c0-h-typecheck-collection-results-r9/20261008-h-types-r7/root-tsc.stdout	docs/engineering/playability-launch-review/evidence/p14b4-20260919/1370-stage/thirty-ninth-verification/1370-c0-h-typecheck-collection-results-r9/20261008-h-types-r7/root-tsc.stdout	0	e3b0c44298fc1c149afbf4c8996fb92427ae41e4649b934ca495991b7852b855	e69de29bb2d1d6434b8b29ae775ad8c2e48c5391
/Users/zacheryspector/studio-scratch/1370-c0-h-typecheck-collection-results-r9/20261008-h-types-r7/ui-tsc.stderr	docs/engineering/playability-launch-review/evidence/p14b4-20260919/1370-stage/thirty-ninth-verification/1370-c0-h-typecheck-collection-results-r9/20261008-h-types-r7/ui-tsc.stderr	0	e3b0c44298fc1c149afbf4c8996fb92427ae41e4649b934ca495991b7852b855	e69de29bb2d1d6434b8b29ae775ad8c2e48c5391
/Users/zacheryspector/studio-scratch/1370-c0-h-typecheck-collection-results-r9/20261008-h-types-r7/ui-tsc.stdout	docs/engineering/playability-launch-review/evidence/p14b4-20260919/1370-stage/thirty-ninth-verification/1370-c0-h-typecheck-collection-results-r9/20261008-h-types-r7/ui-tsc.stdout	0	e3b0c44298fc1c149afbf4c8996fb92427ae41e4649b934ca495991b7852b855	e69de29bb2d1d6434b8b29ae775ad8c2e48c5391
/Users/zacheryspector/studio-scratch/1370-c0-h-typecheck-collection-runner-independent-static-review-r2/RECEIPT.json	docs/engineering/playability-launch-review/evidence/p14b4-20260919/1370-stage/thirty-ninth-verification/1370-c0-h-typecheck-collection-runner-independent-static-review-r2/RECEIPT.json	657	54e41f92dee174cf8c875936196971d33589dff8eedd11eba6cd2d8c2770737c	ab5f0650171b1c7f93ba9dd54de08162e530050d
/Users/zacheryspector/studio-scratch/1370-c0-h-typecheck-collection-runner-independent-static-review-r2/REPORT.md	docs/engineering/playability-launch-review/evidence/p14b4-20260919/1370-stage/thirty-ninth-verification/1370-c0-h-typecheck-collection-runner-independent-static-review-r2/REPORT.md	1507	efbf255f982791d71cb071a99bd112ae8d5f2b27fc7c92f827dd02135a2e06c6	40f0c400a71f4e953b2f98d28ff8328d0b479156
/Users/zacheryspector/studio-scratch/1370-c0-h-typecheck-collection-runner-independent-static-review-r3/RECEIPT.json	docs/engineering/playability-launch-review/evidence/p14b4-20260919/1370-stage/thirty-ninth-verification/1370-c0-h-typecheck-collection-runner-independent-static-review-r3/RECEIPT.json	790	eed0e300b0efd210bd9f8d48ad934d7f468edbb90b6b698862aa5ec69d4351c8	c9f58c6d39ce8e694566326e1f708bb5af214bbc
/Users/zacheryspector/studio-scratch/1370-c0-h-typecheck-collection-runner-independent-static-review-r3/REPORT.md	docs/engineering/playability-launch-review/evidence/p14b4-20260919/1370-stage/thirty-ninth-verification/1370-c0-h-typecheck-collection-runner-independent-static-review-r3/REPORT.md	1216	c94a9af76439e0ba4ef8782f7cf881221051f58a05de0d92b99fb7d546fa4b62	5d90fed34b7d377863b02f7c19ecbb1562c0a05c
/Users/zacheryspector/studio-scratch/1370-c0-h-typecheck-collection-runner-independent-static-review-r4/RECEIPT.json	docs/engineering/playability-launch-review/evidence/p14b4-20260919/1370-stage/thirty-ninth-verification/1370-c0-h-typecheck-collection-runner-independent-static-review-r4/RECEIPT.json	903	49695bd0834b12188d4d82c6a3c2db8ae9de44666e0db5fff3f2a22450ccee95	b144c6fa2f0e99fca24232bf7d8178322ebdd89f
/Users/zacheryspector/studio-scratch/1370-c0-h-typecheck-collection-runner-independent-static-review-r4/REPORT.md	docs/engineering/playability-launch-review/evidence/p14b4-20260919/1370-stage/thirty-ninth-verification/1370-c0-h-typecheck-collection-runner-independent-static-review-r4/REPORT.md	1187	0a35e086c97f5544bbe6c997a3d7472fbfc190fa33c7f0b8ff5b0c6f7f3b5536	bbfa094d477d195fc688db07f2cf468210493b62
/Users/zacheryspector/studio-scratch/1370-c0-h-typecheck-collection-runner-independent-static-review-r5/RECEIPT.json	docs/engineering/playability-launch-review/evidence/p14b4-20260919/1370-stage/thirty-ninth-verification/1370-c0-h-typecheck-collection-runner-independent-static-review-r5/RECEIPT.json	929	97eabe8071c4e74fa170fe82ed86811142f36739341b6f9fde3a5c0ec23f41f8	d17494482b513ef0ec910bac0a3a45243f8ab301
/Users/zacheryspector/studio-scratch/1370-c0-h-typecheck-collection-runner-independent-static-review-r5/REPORT.md	docs/engineering/playability-launch-review/evidence/p14b4-20260919/1370-stage/thirty-ninth-verification/1370-c0-h-typecheck-collection-runner-independent-static-review-r5/REPORT.md	1320	7b989f5d39071cb63f2a5d83fcf9f825f6e8656d0b5ac0f9df55c5c007e522a5	2cc40af2e148d6f3e51e4be0b37e512c71172df5
/Users/zacheryspector/studio-scratch/1370-c0-h-typecheck-collection-runner-independent-static-review-r8/RECEIPT.json	docs/engineering/playability-launch-review/evidence/p14b4-20260919/1370-stage/thirty-ninth-verification/1370-c0-h-typecheck-collection-runner-independent-static-review-r8/RECEIPT.json	524	ec8ca236351799b4d337b37a33fa8e8d97bd2dc46e4dfa3ce3180f5d9fbf15b9	75a7b473f5a686c3b29ef41b5136688154422a33
/Users/zacheryspector/studio-scratch/1370-c0-h-typecheck-collection-runner-independent-static-review-r8/REVIEW.md	docs/engineering/playability-launch-review/evidence/p14b4-20260919/1370-stage/thirty-ninth-verification/1370-c0-h-typecheck-collection-runner-independent-static-review-r8/REVIEW.md	1729	e9a9860a3107bf2be498b5adea78e837644418810b032965167e06187a8357ac	40ae64f2a930175d0354294f781b56a1542deb44
/Users/zacheryspector/studio-scratch/1370-c0-h-typecheck-collection-runner-independent-static-review-r9/RECEIPT.json	docs/engineering/playability-launch-review/evidence/p14b4-20260919/1370-stage/thirty-ninth-verification/1370-c0-h-typecheck-collection-runner-independent-static-review-r9/RECEIPT.json	669	71bf546b2196f96a8defd93880e1a3330bca0940542aa8b76cb2a1aa437abaec	d33926fa08b60f8258865d617cbb4d0c86e78f30
/Users/zacheryspector/studio-scratch/1370-c0-h-typecheck-collection-runner-independent-static-review-r9/REVIEW.md	docs/engineering/playability-launch-review/evidence/p14b4-20260919/1370-stage/thirty-ninth-verification/1370-c0-h-typecheck-collection-runner-independent-static-review-r9/REVIEW.md	1151	b9b2d59c8451f10d67bf1a73ca3c4502b3dd0425b4753bd44e2207e2a889d68a	119006e67895ec8829567419022bb5294acacc6d
/Users/zacheryspector/studio-scratch/1370-c0-h-typecheck-collection-runner-proposal-r5/BINDING-UNFILLED.json	docs/engineering/playability-launch-review/evidence/p14b4-20260919/1370-stage/thirty-ninth-verification/1370-c0-h-typecheck-collection-runner-proposal-r5/BINDING-UNFILLED.json	1372	9fbacc2693daa30de652afdbee07788b47ac6ea42b68f96c655e44e18b2b22ad	3c32fb19ab31a608d5c86685830a2bc7e3707e04
/Users/zacheryspector/studio-scratch/1370-c0-h-typecheck-collection-runner-proposal-r5/EXACT-LAUNCH-TEMPLATE.txt	docs/engineering/playability-launch-review/evidence/p14b4-20260919/1370-stage/thirty-ninth-verification/1370-c0-h-typecheck-collection-runner-proposal-r5/EXACT-LAUNCH-TEMPLATE.txt	1497	7bc45850e53405615862e352dbdd2a4de683d0322048005d9f18f99ca0eda444	705257b1e225109faf136ff8fefd8cc2dcd145d0
/Users/zacheryspector/studio-scratch/1370-c0-h-typecheck-collection-runner-proposal-r5/INVENTORY.json	docs/engineering/playability-launch-review/evidence/p14b4-20260919/1370-stage/thirty-ninth-verification/1370-c0-h-typecheck-collection-runner-proposal-r5/INVENTORY.json	1444	3524b4b8c0da011d3e6a907decf91f972ccbf61f499d25972d7fc428d10182e4	2717738ba2d9fce4e8eaee59f041f0743d3fc430
/Users/zacheryspector/studio-scratch/1370-c0-h-typecheck-collection-runner-proposal-r5/PLAN.md	docs/engineering/playability-launch-review/evidence/p14b4-20260919/1370-stage/thirty-ninth-verification/1370-c0-h-typecheck-collection-runner-proposal-r5/PLAN.md	2423	c71faa51816d86d0bab7000e5d51070348501cdb2d0f2d687819b54e94c9288b	a4031704af7e582d281e94031f48ff3e87787607
/Users/zacheryspector/studio-scratch/1370-c0-h-typecheck-collection-runner-proposal-r5/r3-synthetic-red.py	docs/engineering/playability-launch-review/evidence/p14b4-20260919/1370-stage/thirty-ninth-verification/1370-c0-h-typecheck-collection-runner-proposal-r5/r3-synthetic-red.py	1958	c06c3f1cfdb73e51692e2c91c0447a9cdaf98a8f25ca6eed6f4b691af55b8645	87f7bdc13159d2152120e1a08ce160a1c4eedd3f
/Users/zacheryspector/studio-scratch/1370-c0-h-typecheck-collection-runner-proposal-r5/recorder.py	docs/engineering/playability-launch-review/evidence/p14b4-20260919/1370-stage/thirty-ninth-verification/1370-c0-h-typecheck-collection-runner-proposal-r5/recorder.py	4009	f6bd69624720e32dfc3d512f02914fc12adaa38147ee5764bb872a18652390fa	a597639e18f54eea7c97f49047cfbc31938d91e6
/Users/zacheryspector/studio-scratch/1370-c0-h-typecheck-collection-runner-proposal-r5/runner.py	docs/engineering/playability-launch-review/evidence/p14b4-20260919/1370-stage/thirty-ninth-verification/1370-c0-h-typecheck-collection-runner-proposal-r5/runner.py	16347	0fe66879521909362fa746044485b58b8a61b411038d40343465042aa183b50b	37abf1aaaeaad213d38ccd5eaf03f2ea101183f2
/Users/zacheryspector/studio-scratch/1370-c0-h-typecheck-collection-runner-proposal-r5/static-selfcheck.py	docs/engineering/playability-launch-review/evidence/p14b4-20260919/1370-stage/thirty-ninth-verification/1370-c0-h-typecheck-collection-runner-proposal-r5/static-selfcheck.py	2220	50dd35cddabb690f0d03231795c5aaa6b3c732c46e23204ff9fe7391433d9ca3	b6c6c060ead1e1eec140e9056b53216437acb103
/Users/zacheryspector/studio-scratch/1370-c0-h-typecheck-collection-runner-proposal-r8/BINDING-SOURCE.json	docs/engineering/playability-launch-review/evidence/p14b4-20260919/1370-stage/thirty-ninth-verification/1370-c0-h-typecheck-collection-runner-proposal-r8/BINDING-SOURCE.json	4253	0f9273cf8be4f5523a3a19d6a4952881f48560fa059be261269f418815f59a79	b25d7b51f809ed0cedb5848febe7783cf7dadc1e
/Users/zacheryspector/studio-scratch/1370-c0-h-typecheck-collection-runner-proposal-r8/MANIFEST.json	docs/engineering/playability-launch-review/evidence/p14b4-20260919/1370-stage/thirty-ninth-verification/1370-c0-h-typecheck-collection-runner-proposal-r8/MANIFEST.json	1418	3a6b79de847a661120a35392cbb150f2712d1d2655eaf4fb1a7bffd44ce3756a	e56c3d9a404ac47335c423b69775054a16028481
/Users/zacheryspector/studio-scratch/1370-c0-h-typecheck-collection-runner-proposal-r8/PLAN.md	docs/engineering/playability-launch-review/evidence/p14b4-20260919/1370-stage/thirty-ninth-verification/1370-c0-h-typecheck-collection-runner-proposal-r8/PLAN.md	3820	cba38eec5bec2645d5be816f3b7cf4d34707e9c2a69a1f6c29810bc85bed0261	b2521440297efeb1a1a6ebed21bb3faba0a24e8f
/Users/zacheryspector/studio-scratch/1370-c0-h-typecheck-collection-runner-proposal-r8/REVIEW-REQUEST.md	docs/engineering/playability-launch-review/evidence/p14b4-20260919/1370-stage/thirty-ninth-verification/1370-c0-h-typecheck-collection-runner-proposal-r8/REVIEW-REQUEST.md	671	c0c8bd8f78ac95edb58db4b837595998d2497be89711b5057285a677ce38ded2	e258fead93f423a809da22af65abc8928160b809
/Users/zacheryspector/studio-scratch/1370-c0-h-typecheck-collection-runner-proposal-r8/runner.py	docs/engineering/playability-launch-review/evidence/p14b4-20260919/1370-stage/thirty-ninth-verification/1370-c0-h-typecheck-collection-runner-proposal-r8/runner.py	34653	4d88d9f7e90f488278523830fcfb188e7931724b6a39318d86b3b73583783c80	71c9d36b11383f65486079eb9da8209ec6615854
/Users/zacheryspector/studio-scratch/1370-c0-h-typecheck-collection-runner-proposal-r8/selfcheck.py	docs/engineering/playability-launch-review/evidence/p14b4-20260919/1370-stage/thirty-ninth-verification/1370-c0-h-typecheck-collection-runner-proposal-r8/selfcheck.py	5632	dc7c16648f08b6b0635e774696afb17f5da03c34bbba5366c2cdcacf4d550a91	008949feebe0d08418aada9d1f962cf80ba6c3f6
/Users/zacheryspector/studio-scratch/1370-c0-h-typecheck-collection-runner-proposal-r9/BINDING-SOURCE.json	docs/engineering/playability-launch-review/evidence/p14b4-20260919/1370-stage/thirty-ninth-verification/1370-c0-h-typecheck-collection-runner-proposal-r9/BINDING-SOURCE.json	4549	36652250db0dcc80985888ff4861c685c73f0752984a49e1b9b84019a3525738	df373258fc8517eb11cd0c70a7e5c64cf9e62b11
/Users/zacheryspector/studio-scratch/1370-c0-h-typecheck-collection-runner-proposal-r9/MANIFEST.json	docs/engineering/playability-launch-review/evidence/p14b4-20260919/1370-stage/thirty-ninth-verification/1370-c0-h-typecheck-collection-runner-proposal-r9/MANIFEST.json	1303	68b91d697be71c893fdb8106fd7e3037907674ee2963fc3acae876f765f90874	07cbd5fc91b2200f69509f0097734ae163da77e8
/Users/zacheryspector/studio-scratch/1370-c0-h-typecheck-collection-runner-proposal-r9/PLAN.md	docs/engineering/playability-launch-review/evidence/p14b4-20260919/1370-stage/thirty-ninth-verification/1370-c0-h-typecheck-collection-runner-proposal-r9/PLAN.md	3513	0056699e89dc19f48afe868218666a99daf2065f4d140f065cfcad5148a815d1	09172444394272dc2ca11a718c455c3531a6b36d
/Users/zacheryspector/studio-scratch/1370-c0-h-typecheck-collection-runner-proposal-r9/REVIEW-REQUEST.md	docs/engineering/playability-launch-review/evidence/p14b4-20260919/1370-stage/thirty-ninth-verification/1370-c0-h-typecheck-collection-runner-proposal-r9/REVIEW-REQUEST.md	767	b1f51e3de7a40efa9da413bf911ce628f50f673a87cfd0bf5da996e23619b3a1	fd6b81e2ac6e419769736efb99833fd934845445
/Users/zacheryspector/studio-scratch/1370-c0-h-typecheck-collection-runner-proposal-r9/runner.py	docs/engineering/playability-launch-review/evidence/p14b4-20260919/1370-stage/thirty-ninth-verification/1370-c0-h-typecheck-collection-runner-proposal-r9/runner.py	38284	8f5c21590d29a02d2cc1aed87ebea94538d4078e6ecf65e379e2dd3ad6bc7968	9273cec194e24b36abdf33232f2f180c11e38824
/Users/zacheryspector/studio-scratch/1370-c0-h-typecheck-collection-runner-proposal-r9/selfcheck.py	docs/engineering/playability-launch-review/evidence/p14b4-20260919/1370-stage/thirty-ninth-verification/1370-c0-h-typecheck-collection-runner-proposal-r9/selfcheck.py	9794	5b64fdfa61174c2dadf6e3fd7413fd58773e1b5f9eb9dfe4eadc36acc07b7a58	cd2668d9505f84dfe2edf83be2bcd427b22632cf
/Users/zacheryspector/studio-scratch/1370-c0-h-typecheck-independent-observed-stop-review-r1/RECEIPT.json	docs/engineering/playability-launch-review/evidence/p14b4-20260919/1370-stage/thirty-ninth-verification/1370-c0-h-typecheck-independent-observed-stop-review-r1/RECEIPT.json	2065	6c8e310bca8d581a479ffda929b3edad83670c5bdb52c2ef45b419e4953f0f4d	9437b25c5212133d7c35f40fdd9bba96c3cce439
/Users/zacheryspector/studio-scratch/1370-c0-h-typecheck-independent-observed-stop-review-r1/REPORT.md	docs/engineering/playability-launch-review/evidence/p14b4-20260919/1370-stage/thirty-ninth-verification/1370-c0-h-typecheck-independent-observed-stop-review-r1/REPORT.md	1428	4c8ab85759eb17018adf7ac0c9d1b8cc4f130f6685551faa8fe0b13744c3f554	b80123808a906de789df2226bd30f9ed941cec1e
/Users/zacheryspector/studio-scratch/1370-c0-h-typecheck-r10-retry-plan-r1/PLAN.md	docs/engineering/playability-launch-review/evidence/p14b4-20260919/1370-stage/thirty-ninth-verification/1370-c0-h-typecheck-r10-retry-plan-r1/PLAN.md	4246	a272427e86832c955d07b142af11311907d802f742df3715f3e82fb767dc1faa	57855a1b9d7b82c0474a831ec2736cb627561325
/Users/zacheryspector/studio-scratch/1370-c0-h-typecheck-r10-retry-plan-r1/RECEIPT.json	docs/engineering/playability-launch-review/evidence/p14b4-20260919/1370-stage/thirty-ninth-verification/1370-c0-h-typecheck-r10-retry-plan-r1/RECEIPT.json	489	ec5339e17b41feca63ee4cd6084e33cb9066649e2edcade828289928a953a85f	bc363dd7d1d88cf9f50c2fe5827d0a362f0d6a35
/Users/zacheryspector/studio-scratch/1370-c0-h-typecheck-r10-retry-plan-r2/PLAN.md	docs/engineering/playability-launch-review/evidence/p14b4-20260919/1370-stage/thirty-ninth-verification/1370-c0-h-typecheck-r10-retry-plan-r2/PLAN.md	5202	0b925974b4e8831d4223daf07750e3ecbed49d64d61ffc39211b99d2ce1ef62a	91736e987aa2034dbce85be7ee658b92ce5d7a48
/Users/zacheryspector/studio-scratch/1370-c0-h-typecheck-r10-retry-plan-r2/RECEIPT.json	docs/engineering/playability-launch-review/evidence/p14b4-20260919/1370-stage/thirty-ninth-verification/1370-c0-h-typecheck-r10-retry-plan-r2/RECEIPT.json	500	9fe03f9200a04df0e92ed8993a7af862f924ce69e502df4687cc62c9d748fd96	62a2be6a7e6a324329b5c03759efa2f8ff5c850f
/Users/zacheryspector/studio-scratch/1370-c0-stage38-remote-audit-20261008-r1.lane.log	docs/engineering/playability-launch-review/evidence/p14b4-20260919/1370-stage/thirty-ninth-verification/1370-c0-stage38-remote-audit-20261008-r1.lane.log	206	cc274f029a7928b37ad32990e83b8f35020c595a08d1b4585665ceda2e97b31f	a61d3209679362c37690f9fe52bf02c66146336a
/Users/zacheryspector/studio-scratch/1370-c0-stage38-remote-audit-20261008-r1.lane.log.meta	docs/engineering/playability-launch-review/evidence/p14b4-20260919/1370-stage/thirty-ninth-verification/1370-c0-stage38-remote-audit-20261008-r1.lane.log.meta	2320	dd52431cc0ed6835bfffa059681f39ae7da7d4bd420e160fa7fef17c0157dfe7	e4cceecc6156f40bfebcad3f486a7095532ed923
/Users/zacheryspector/studio-scratch/1370-c0-stage38-remote-audit-filled-exact-independent-review-r1/RECEIPT.json	docs/engineering/playability-launch-review/evidence/p14b4-20260919/1370-stage/thirty-ninth-verification/1370-c0-stage38-remote-audit-filled-exact-independent-review-r1/RECEIPT.json	1703	edd5e6c103ba90c4e45f7e6af30d82f6f8d9ba229694812d65198ddbc5b42a6b	dd439e1617e005cccbebed3ca24fc6d417be6b8e
/Users/zacheryspector/studio-scratch/1370-c0-stage38-remote-audit-filled-exact-independent-review-r1/REPORT.md	docs/engineering/playability-launch-review/evidence/p14b4-20260919/1370-stage/thirty-ninth-verification/1370-c0-stage38-remote-audit-filled-exact-independent-review-r1/REPORT.md	636	32f5c7a61b2b6087359a7acb92b5e944e826be491da12b95b5c99ed6c3f5c2bd	bc87079a73497f0ac93ca6b2cab2823ab4699601
/Users/zacheryspector/studio-scratch/1370-c0-stage38-remote-audit-filled-exact-r1/BINDING.json	docs/engineering/playability-launch-review/evidence/p14b4-20260919/1370-stage/thirty-ninth-verification/1370-c0-stage38-remote-audit-filled-exact-r1/BINDING.json	1640	73f5c2b230b83602dc1f73e76d0ff6ff543a2accdf1a7f0013fcdffdbd749ed0	8c0d05343dea112049befd7c511e3ef9aa755eed
/Users/zacheryspector/studio-scratch/1370-c0-stage38-remote-audit-filled-exact-r1/LAUNCH.command	docs/engineering/playability-launch-review/evidence/p14b4-20260919/1370-stage/thirty-ninth-verification/1370-c0-stage38-remote-audit-filled-exact-r1/LAUNCH.command	2359	f6b59e9347e347f478170c4a49f67f5735f189dded9c3ea58a31112d96b6df58	37d3c55743d320e819714dd0844d1ce14ea64913
/Users/zacheryspector/studio-scratch/1370-c0-stage38-remote-audit-independent-observed-review-r1/RECEIPT.json	docs/engineering/playability-launch-review/evidence/p14b4-20260919/1370-stage/thirty-ninth-verification/1370-c0-stage38-remote-audit-independent-observed-review-r1/RECEIPT.json	1537	c90a1007eec7847a033eaca2a51bb9a53c9db8f35b357a0f9f876c4fe815375b	27aa930563c9bc91416409513c124f94836eaa01
/Users/zacheryspector/studio-scratch/1370-c0-stage38-remote-audit-independent-observed-review-r1/REPORT.md	docs/engineering/playability-launch-review/evidence/p14b4-20260919/1370-stage/thirty-ninth-verification/1370-c0-stage38-remote-audit-independent-observed-review-r1/REPORT.md	903	1e4ee2d022d58be7eaa69d4f72f41d73c70cc9e82aaeb6b24a5b680a92fc88a7	899eec6c995ce9bc3a3d1a1956fe9c63a70da91a
/Users/zacheryspector/studio-scratch/1370-c0-stage38-remote-audit-recorded-r1/RECEIPT.json	docs/engineering/playability-launch-review/evidence/p14b4-20260919/1370-stage/thirty-ninth-verification/1370-c0-stage38-remote-audit-recorded-r1/RECEIPT.json	25409	e63b5a55cb36caca926285cefbccbf361d54fd46953a8fc16e48950b2b4d0309	40b3388dafdf36b4ee5018fc840ffb17c070996c
/Users/zacheryspector/studio-scratch/c0-h-bridge-addendum-20261008-r3.lane.log	docs/engineering/playability-launch-review/evidence/p14b4-20260919/1370-stage/thirty-ninth-verification/c0-h-bridge-addendum-20261008-r3.lane.log	255	3735d54b367d04814826e3b96a64ddf4973ea6878cf9e6c4eff47932d9ac40f2	a20b2f5c8267c3582f9114572a2dfe46af53b795
/Users/zacheryspector/studio-scratch/c0-h-bridge-addendum-20261008-r3.lane.log.meta	docs/engineering/playability-launch-review/evidence/p14b4-20260919/1370-stage/thirty-ninth-verification/c0-h-bridge-addendum-20261008-r3.lane.log.meta	3305	93b0fb2ac81aeae4952c44afd53e1f4730b8b5f217bb99abe84c272ac6e7f65f	44b16391b6e28aec1c4e6e9aeb182a2917faefe1
/Users/zacheryspector/studio-scratch/c0-h-bridge-full-readback-20261008-r4.lane.log	docs/engineering/playability-launch-review/evidence/p14b4-20260919/1370-stage/thirty-ninth-verification/c0-h-bridge-full-readback-20261008-r4.lane.log	1265	c6cb57b943b19787b9b9136ef0361c1ec150b4a34bdcf6e1128da344cfeb47cc	f83943b4cc4afd4204360391d66d53d44315adc0
/Users/zacheryspector/studio-scratch/c0-h-bridge-full-readback-20261008-r4.lane.log.meta	docs/engineering/playability-launch-review/evidence/p14b4-20260919/1370-stage/thirty-ninth-verification/c0-h-bridge-full-readback-20261008-r4.lane.log.meta	3296	46cbd9c37b46761ef876e60bdde52f55e81ec1415b2b11452c0f906024a769d8	d26bfbed9bebf97a92ef45d667d50864582da043
/Users/zacheryspector/studio-scratch/c0-h-bridge-full-readback-20261008-r5.lane.log	docs/engineering/playability-launch-review/evidence/p14b4-20260919/1370-stage/thirty-ninth-verification/c0-h-bridge-full-readback-20261008-r5.lane.log	1351	5c7d98a67426bc0316cd5180d6d70636c93087575d1548e18e8985874079e75b	bc5a625c14c06cf003ac730f5dc7770fae7a0419
/Users/zacheryspector/studio-scratch/c0-h-bridge-full-readback-20261008-r5.lane.log.meta	docs/engineering/playability-launch-review/evidence/p14b4-20260919/1370-stage/thirty-ninth-verification/c0-h-bridge-full-readback-20261008-r5.lane.log.meta	3299	f24e61a78e8611e5d0abfcc7aa066381c08ba0aaa0d03358ade2e17561276840	f784c8bed003284ba0cbe948cbfab3b9a4e952a3
/Users/zacheryspector/studio-scratch/c0-h-bridge-full-readback-20261008-r6.lane.log	docs/engineering/playability-launch-review/evidence/p14b4-20260919/1370-stage/thirty-ninth-verification/c0-h-bridge-full-readback-20261008-r6.lane.log	292	323aea0900a0a074371651fd52c21ee9b3785047903f32275a1ccbc571793a42	3ac745c7b7a48f6ed1dbc825b34b56ffac935e35
/Users/zacheryspector/studio-scratch/c0-h-bridge-full-readback-20261008-r6.lane.log.meta	docs/engineering/playability-launch-review/evidence/p14b4-20260919/1370-stage/thirty-ninth-verification/c0-h-bridge-full-readback-20261008-r6.lane.log.meta	3299	7037896827b418977e06959e48652e68fbc7581243fc4a87726171ce3e0ed0b5	7990d59d70dfa12f2fa26c18e62db9ec2e475a05
/Users/zacheryspector/studio-scratch/c0-h-bridge-full-readback-independent-byte-audit-r6.lane.log	docs/engineering/playability-launch-review/evidence/p14b4-20260919/1370-stage/thirty-ninth-verification/c0-h-bridge-full-readback-independent-byte-audit-r6.lane.log	629	9b489e642422163374c8ff39750a5befff00f849d156cabc8ab537a77547793f	231bc67274b37600e5e367facba86b961a843df5
/Users/zacheryspector/studio-scratch/c0-h-bridge-full-readback-independent-byte-audit-r6.lane.log.meta	docs/engineering/playability-launch-review/evidence/p14b4-20260919/1370-stage/thirty-ninth-verification/c0-h-bridge-full-readback-independent-byte-audit-r6.lane.log.meta	250	4e934552abb6b0090b5500cd29512a6abe50791873ae444167845abf5892de91	10a815ec3f99f530e9a2bf7d924d8bab962f237f
/Users/zacheryspector/studio-scratch/c0-h-mirror-post-r9-baseline-20261008-r1.lane.log	docs/engineering/playability-launch-review/evidence/p14b4-20260919/1370-stage/thirty-ninth-verification/c0-h-mirror-post-r9-baseline-20261008-r1.lane.log	311	1b256419218b8100c1785bc7d7e86118c23f6ff6ccc605f2d1a1f51770f855b4	b13df103198392defd5a4284d64aab425e238b14
/Users/zacheryspector/studio-scratch/c0-h-mirror-post-r9-baseline-20261008-r1.lane.log.meta	docs/engineering/playability-launch-review/evidence/p14b4-20260919/1370-stage/thirty-ninth-verification/c0-h-mirror-post-r9-baseline-20261008-r1.lane.log.meta	3294	c10f17c660da06d3fa52a5c4521aea197b4e1056bea08faadba6713ad0623da2	cbf000522e104fb4a1d85e3d647c58f67b297f78
/Users/zacheryspector/studio-scratch/c0-h-mirror-post-r9-baseline-independent-byte-audit-r1.lane.log	docs/engineering/playability-launch-review/evidence/p14b4-20260919/1370-stage/thirty-ninth-verification/c0-h-mirror-post-r9-baseline-independent-byte-audit-r1.lane.log	665	f8bc55dcf47c9f5f30efb6a59c2044e6c3ee234c7bb6cbf80906fcb182fb5b89	6f229e16fb24b5bed93e5f02034f15e0017c5d03
/Users/zacheryspector/studio-scratch/c0-h-mirror-post-r9-baseline-independent-byte-audit-r1.lane.log.meta	docs/engineering/playability-launch-review/evidence/p14b4-20260919/1370-stage/thirty-ninth-verification/c0-h-mirror-post-r9-baseline-independent-byte-audit-r1.lane.log.meta	253	3cb9ec2b8102f9c1907bb9cb96a04bc0c3599db7b6de1573f35d549e83187519	c4ac25f805ba1eeb7605360c426cc875da358937
/Users/zacheryspector/studio-scratch/c0-h-types-20261008-h-types-r3.lane.log	docs/engineering/playability-launch-review/evidence/p14b4-20260919/1370-stage/thirty-ninth-verification/c0-h-types-20261008-h-types-r3.lane.log	313	a428ba08e2250cb8ffb6f07687b788bf2299b19d1aee822e15aff986a0ed0071	6b90792ba28a7a1a4f9d9b1a101a963efffa828a
/Users/zacheryspector/studio-scratch/c0-h-types-20261008-h-types-r3.lane.log.meta	docs/engineering/playability-launch-review/evidence/p14b4-20260919/1370-stage/thirty-ninth-verification/c0-h-types-20261008-h-types-r3.lane.log.meta	1266	c8579301f62f424b7f08edf1c9ef9e73fddea4c7ba0d609efa93f4cb5fbc4593	068ef7a087e3e562c22026e0e20a43b340acb762
/Users/zacheryspector/studio-scratch/c0-h-types-20261008-h-types-r7.lane.log	docs/engineering/playability-launch-review/evidence/p14b4-20260919/1370-stage/thirty-ninth-verification/c0-h-types-20261008-h-types-r7.lane.log	386	baac0a91c5b3e646390cdf1bfa8b6b21b7f16936dcd7583b291c1dfdfe9dfa9b	0b3b1ae5df764353366c1c5346e9763b32ce9af7
/Users/zacheryspector/studio-scratch/c0-h-types-20261008-h-types-r7.lane.log.meta	docs/engineering/playability-launch-review/evidence/p14b4-20260919/1370-stage/thirty-ninth-verification/c0-h-types-20261008-h-types-r7.lane.log.meta	3301	6582b2de373512bccfd6e457f8bf7252a8751c854c580eea69410a6c8240c267	2376b13b6414c32b3ea8ce31173b86d107c0c351
